tempo,rpmEsquerdo,rpmDireito,corrente
104,0.00,0.00,512.00
162,122.89,0.00,513.00
186,60.17,48.76,512.00
209,150.39,101.15,511.00
234,150.39,101.15,512.00
258,175.36,64.05,511.00
282,175.36,117.76,509.00
306,85.02,117.76,511.00
330,194.20,68.81,511.00
354,88.95,134.87,513.00
378,197.63,80.09,513.00
402,91.77,145.46,512.00
427,91.77,145.46,511.00
450,64.40,144.31,513.00
475,64.40,144.31,512.00
501,60.90,83.76,513.00
526,161.22,151.36,513.00
549,161.22,83.86,513.00
574,48.90,130.84,513.00
598,91.66,130.84,512.00
621,91.66,77.23,511.00
646,91.66,110.64,510.00
669,54.14,110.64,512.00
694,154.77,58.52,512.00
717,67.76,116.33,514.00
762,161.36,138.12,512.00
787,161.36,138.12,513.00
811,54.94,76.74,514.00
835,79.77,111.34,511.00
859,79.77,111.34,512.00
882,79.77,57.90,512.00
907,79.77,57.90,513.00
930,79.77,77.20,513.00
954,79.77,77.20,512.00
978,79.77,77.20,512.00
1002,79.77,77.20,513.00
1030,79.77,27.37,513.00
1053,79.77,27.37,513.00
1077,13.03,27.37,511.00
1101,107.87,48.43,511.00
1125,107.87,48.43,510.00
1149,52.78,0.00,510.00
1173,105.19,0.00,512.00
1198,105.19,100.16,513.00
1221,105.19,100.16,512.00
1246,53.17,139.22,511.00
1269,112.83,139.22,513.00
1294,112.83,85.54,514.00
1317,53.29,151.09,513.00
1363,115.81,163.04,511.00
1387,59.70,95.74,513.00
1412,140.06,168.92,512.00
1435,140.06,99.79,513.00
1460,63.93,172.14,512.00
1483,144.09,103.29,512.00
1508,144.09,178.70,513.00
1534,65.27,106.49,512.00
1559,147.90,181.25,510.00
1583,147.90,183.69,513.00
1607,154.42,183.69,512.00
1632,154.42,184.96,512.00
1655,62.78,109.08,512.00
1680,147.00,194.00,513.00
1703,147.00,108.30,513.00
1728,68.41,182.48,511.00
1752,152.78,108.96,514.00
1776,152.78,192.06,511.00
1800,157.86,108.60,510.00
1823,157.86,170.69,512.00
1848,74.46,103.04,510.00
1872,160.36,170.57,513.00
1896,160.36,100.89,512.00
1921,149.76,170.03,513.00
1965,70.96,168.16,513.00
1989,145.52,100.67,513.00
2016,145.52,162.16,512.00
2040,69.25,176.10,513.00
2064,147.20,176.10,514.00
2088,147.20,180.33,512.00
2113,157.76,105.49,513.00
2137,157.76,176.22,513.00
2161,70.01,100.90,512.00
2185,149.34,176.97,510.00
2209,149.34,104.66,511.00
2233,151.91,174.01,511.00
2257,151.91,104.22,512.00
2281,67.68,182.79,511.00
2306,158.43,101.32,511.00
2329,158.43,179.43,513.00
2354,69.55,101.16,511.00
2377,145.83,174.58,511.00
2402,145.83,99.92,510.00
2425,144.84,174.66,510.00
2450,144.84,101.75,512.00
2478,68.82,174.58,511.00
2501,147.32,183.19,513.00
2543,71.81,184.23,511.00
2571,158.29,108.27,511.00
2595,70.45,192.06,512.00
2620,149.94,108.55,511.00
2643,149.94,186.24,513.00
2668,74.15,108.95,512.00
2692,166.15,188.77,512.00
2716,73.27,107.08,511.00
2740,154.99,180.85,513.00
2764,154.99,179.73,512.00
2788,72.41,179.73,514.00
2812,152.38,178.74,512.00
2837,67.42,106.66,512.00
2861,133.81,174.05,513.00
2884,133.81,99.88,513.00
2909,133.81,153.47,511.00
2932,133.81,153.47,513.00
2979,38.68,130.12,512.00
3003,52.62,76.72,512.00
3027,52.62,118.58,512.00
3051,52.62,118.58,511.00
3075,52.62,67.80,512.00
3098,52.62,67.80,511.00
3143,52.62,103.41,512.00
3167,52.62,55.88,510.00
3191,15.50,93.41,512.00
3215,125.31,93.41,513.00
3238,125.31,61.45,511.00
3263,125.31,119.85,511.00
3287,55.72,119.85,511.00
3310,119.43,74.72,512.00
3334,119.43,134.67,513.00
3358,58.38,81.34,512.00
3382,126.31,141.06,512.00
3406,126.31,141.06,513.00
3430,54.70,87.84,513.00
3453,114.98,154.13,511.00
3481,114.98,91.31,512.00
3505,57.42,159.98,512.00
3528,131.90,92.65,511.00
3553,131.90,160.88,511.00
3576,61.18,96.38,513.00
3600,133.38,172.37,511.00
3624,133.38,101.21,512.00
3648,64.57,179.55,512.00
3672,149.05,105.75,511.00
3696,149.05,183.69,511.00
3741,145.12,117.10,511.00
3765,145.12,117.10,512.00
3788,64.38,65.80,510.00
3813,120.79,98.58,512.00
3836,120.79,98.58,513.00
3860,120.79,98.58,513.00
3884,45.68,44.79,510.00
3908,99.51,44.79,512.00
3932,99.51,44.79,511.00
3955,99.51,47.39,511.00
3982,39.71,47.39,511.00
4006,39.71,47.39,511.00
4030,68.25,47.39,512.00
4054,68.25,47.39,511.00
4077,68.25,47.39,510.00
4101,68.25,47.39,511.00
4125,30.54,47.39,511.00
4149,30.54,47.39,512.00
4172,54.16,47.39,513.00
4196,54.16,47.39,511.00
4219,54.16,47.39,512.00
4244,54.16,47.39,510.00
4268,54.16,47.39,511.00
4291,27.67,47.39,510.00
4337,73.27,47.39,512.00
4361,73.27,47.39,509.00
4385,73.27,47.39,513.00
4409,40.82,47.39,510.00
4432,91.03,47.39,511.00
4457,91.03,47.39,513.00
4484,91.03,47.39,512.00
4508,43.73,47.39,513.00
4532,98.46,0.00,511.00
4555,98.46,0.00,512.00
4580,50.27,0.00,511.00
4603,50.27,0.00,512.00
4627,118.24,0.00,513.00
4652,118.24,0.00,511.00
4675,55.99,0.00,512.00
4700,128.10,0.00,513.00
4723,128.10,0.00,511.00
4747,60.66,0.00,511.00
4771,144.84,0.00,511.00
4795,144.84,0.00,511.00
4818,159.98,0.00,513.00
4843,159.98,0.00,512.00
4867,70.38,0.00,511.00
4891,162.97,3.18,513.00
4936,182.22,88.50,511.00
4961,182.22,88.50,510.00
4984,196.13,45.58,512.00
5012,196.13,45.58,513.00
5036,93.54,86.49,512.00
5060,93.54,86.49,512.00
5085,185.69,58.25,511.00
5108,185.69,112.63,510.00
5133,197.26,112.63,512.00
5156,197.26,63.13,513.00
5181,197.73,105.92,511.00
5204,197.73,105.92,512.00
5229,94.92,64.01,511.00
5253,67.01,112.44,511.00
5277,67.01,112.44,511.00
5301,69.69,66.44,513.00
5325,69.69,118.15,512.00
5349,68.91,118.15,511.00
5373,68.91,61.55,511.00
5398,72.76,125.10,511.00
5422,72.76,125.10,513.00
5446,69.82,73.80,512.00
5476,69.64,128.56,512.00
5522,70.82,129.13,512.00
5545,70.82,129.13,510.00
5570,70.05,77.26,510.00
5594,70.05,132.51,511.00
5618,69.05,71.14,511.00
5642,68.36,71.14,511.00
5666,68.36,70.07,510.00
5690,61.22,70.07,510.00
5714,183.15,70.07,510.00
5738,183.15,70.07,512.00
5763,171.47,30.09,509.00
5786,171.47,30.09,511.00
5811,72.86,30.09,510.00
5834,159.44,30.09,511.00
5859,159.44,30.09,511.00
5882,156.25,30.09,512.00
5906,156.25,30.09,511.00
5931,71.42,30.09,511.00
5954,164.26,30.09,510.00
5982,74.85,30.09,511.00
6005,163.61,30.09,511.00
6030,163.61,30.09,508.00
6053,75.69,30.09,510.00
6078,162.51,30.09,510.00
6124,164.19,30.09,511.00
6148,164.19,30.09,510.00
6171,76.38,30.09,509.00
6196,161.92,30.09,511.00
6219,74.89,30.09,512.00
6244,170.65,30.09,510.00
6267,170.65,30.09,509.00
6292,168.05,5.67,511.00
6316,168.05,5.67,511.00
6340,82.78,5.67,512.00
6364,187.50,53.98,511.00
6388,86.41,75.03,509.00
6412,86.41,75.03,510.00
6436,65.78,75.03,510.00
6460,65.78,45.89,510.00
6484,66.63,89.14,510.00
6511,67.40,89.14,509.00
6536,67.40,89.14,509.00
6559,71.63,52.91,511.00
6584,71.63,101.13,508.00
6607,70.02,101.13,510.00
6632,70.02,57.80,509.00
6657,71.03,105.90,508.00
6680,72.12,105.90,508.00
6727,70.88,55.03,508.00
6751,70.88,82.50,508.00
6775,69.58,82.50,510.00
6799,69.58,82.50,509.00
6823,62.10,82.50,512.00
6847,193.95,82.50,510.00
6872,81.41,82.50,512.00
6895,169.34,20.67,510.00
6920,169.34,20.67,512.00
6943,164.98,20.67,511.00
6968,164.98,20.67,511.00
6991,71.43,20.67,509.00
7036,158.43,20.67,511.00
7060,68.92,20.67,510.00
7085,146.11,20.67,511.00
7108,146.11,20.67,510.00
7133,145.29,20.67,509.00
7156,145.29,20.67,510.00
7181,67.45,20.67,510.00
7204,140.95,20.67,510.00
7229,140.95,20.67,511.00
7252,65.68,20.67,511.00
7277,144.45,20.67,510.00
7318,67.01,7.48,510.00
7346,151.36,60.54,511.00
7370,73.64,124.05,511.00
7394,161.12,124.05,510.00
7418,161.12,64.48,510.00
7443,183.06,105.16,509.00
7467,183.06,105.16,510.00
7490,83.36,64.61,511.00
7515,177.39,103.08,511.00
7542,87.27,103.08,509.00
7566,192.85,57.30,509.00
7590,91.93,110.26,512.00
7614,188.58,110.26,508.00
7639,96.59,64.29,511.00
7662,96.59,64.29,509.00
7687,68.24,97.96,510.00
7710,68.24,70.83,510.00
7735,68.50,118.46,511.00
7759,70.74,118.46,510.00
7783,70.74,73.07,512.00
7808,70.15,121.63,510.00
7831,70.15,121.63,509.00
7856,71.48,72.72,510.00
7879,71.48,125.00,510.00
7924,70.46,74.73,510.00
7949,69.62,127.38,513.00
7973,67.88,74.35,509.00
7997,67.88,128.60,511.00
8025,67.88,128.60,510.00
8048,52.43,72.99,510.00
8073,135.40,109.06,510.00
8096,135.40,109.06,510.00
8121,50.59,57.23,511.00
8144,50.59,57.23,510.00
8169,77.45,89.58,511.00
8193,77.45,89.58,509.00
8217,77.45,44.39,511.00
8241,77.45,44.39,510.00
8264,77.45,65.01,510.00
8289,77.45,65.01,512.00
8312,77.45,65.01,510.00
8337,77.45,65.01,510.00
8360,77.45,34.63,510.00
8384,77.45,34.63,510.00
8409,77.45,48.19,512.00
8432,77.45,48.19,510.00
8457,77.45,48.19,512.00
8480,77.45,48.19,510.00
8525,77.45,35.42,509.00
8553,77.45,59.20,513.00
8577,77.45,59.20,510.00
8601,77.45,59.20,509.00
8625,77.45,37.43,510.00
8648,77.45,37.43,510.00
8673,0.00,64.51,511.00
8696,0.00,64.51,512.00
8720,0.00,64.51,509.00
8744,5.03,41.13,511.00
8768,137.56,41.13,510.00
8793,137.56,87.78,512.00
8816,137.56,87.78,510.00
8841,50.07,59.02,512.00
8864,103.86,120.08,508.00
8889,103.86,120.08,511.00
8912,54.04,75.92,511.00
8937,120.60,136.19,512.00
8961,120.60,81.73,511.00
8985,120.60,145.35,510.00
9009,54.50,87.92,511.00
9036,115.33,148.19,510.00
9060,115.33,89.96,511.00
9102,127.53,145.21,510.00
9129,127.53,92.05,512.00
9154,55.44,156.02,511.00
9178,133.74,94.06,511.00
9201,133.74,156.97,511.00
9226,59.86,96.94,510.00
9250,126.39,162.73,511.00
9274,126.39,98.87,510.00
9298,61.06,164.19,509.00
9322,131.65,98.26,510.00
9347,131.65,163.79,509.00
9371,61.41,99.31,509.00
9395,128.73,168.88,511.00
9419,128.73,99.73,511.00
9443,62.11,168.96,511.00
9467,134.70,95.52,511.00
9491,134.70,164.40,510.00
9519,61.99,98.61,510.00
9543,132.86,169.80,510.00
9567,132.86,101.64,512.00
9591,65.18,169.34,511.00
9615,137.74,99.81,513.00
9639,137.74,168.46,511.00
9663,137.74,93.61,510.00
9709,43.00,79.06,512.00
9734,54.29,125.92,510.00
9757,54.29,125.92,511.00
9782,54.29,69.71,512.00
9805,54.29,110.70,512.00
9830,54.29,110.70,511.00
9853,54.29,60.47,511.00
9877,54.29,60.47,510.00
9902,54.29,109.01,511.00
9925,54.29,109.01,511.00
9950,54.29,62.02,510.00
9973,54.29,101.78,511.00
9997,54.29,101.78,511.00
10024,54.29,60.09,511.00
10049,54.29,108.74,511.00
10073,54.29,108.74,511.00
10096,54.29,63.43,510.00
10121,54.29,108.62,508.00
10145,7.22,108.62,511.00
10169,88.96,68.35,510.00
10193,88.96,119.81,512.00
10217,88.96,119.81,509.00
10242,88.96,74.75,512.00
10265,38.51,130.96,509.00
10310,94.33,138.97,511.00
10334,94.33,138.97,510.00
10358,42.40,141.94,511.00
10383,105.81,141.94,511.00
10406,105.81,87.70,509.00
10430,105.81,151.09,512.00
10455,49.70,90.59,509.00
10479,107.37,150.69,512.00
10507,107.37,91.05,511.00
10530,54.06,158.43,512.00
10555,125.06,95.87,511.00
10578,125.06,170.15,511.00
10603,60.30,100.09,511.00
10628,135.06,169.64,509.00
10651,135.06,96.36,512.00
10676,61.72,168.84,511.00
10699,134.22,101.93,511.00
10724,134.22,168.92,512.00
10748,63.86,99.83,511.00
10772,146.77,171.74,512.00
10797,146.77,97.85,509.00
10820,65.25,171.86,512.00
10845,142.13,100.00,509.00
10868,69.39,169.91,512.00
10914,156.48,169.00,510.00
10939,68.52,99.42,512.00
10962,145.63,168.05,511.00
11002,70.69,176.39,511.00
11026,149.79,101.65,511.00
11051,149.79,181.07,512.00
11075,68.49,104.52,510.00
11099,142.15,183.42,512.00
11123,67.04,87.73,510.00
11147,148.99,87.73,510.00
11171,148.99,103.08,508.00
11195,58.37,103.08,514.00
11219,58.37,55.99,510.00
11244,104.84,55.99,511.00
11268,104.84,75.14,510.00
11291,43.76,75.14,510.00
11316,43.76,75.14,513.00
11339,85.36,75.14,510.00
11364,85.36,26.92,512.00
11387,85.36,26.92,510.00
11412,35.56,26.92,511.00
11437,35.56,26.92,514.00
11463,69.27,26.92,510.00
11508,69.27,26.92,511.00
11533,69.27,26.92,510.00
11556,69.27,26.92,512.00
11581,25.19,26.92,510.00
11604,25.19,26.92,510.00
11628,61.22,26.92,512.00
11653,61.22,26.92,509.00
11676,61.22,26.92,512.00
11701,61.22,26.92,511.00
11724,35.02,26.92,509.00
11749,80.30,26.92,510.00
11772,80.30,26.92,511.00
11797,80.30,26.92,511.00
11821,80.30,26.92,510.00
11845,80.30,6.37,513.00
11869,80.30,6.37,510.00
11893,80.30,63.35,511.00
11917,80.30,84.05,510.00
11941,80.30,84.05,510.00
11968,80.30,84.05,512.00
11993,80.30,37.03,510.00
12016,80.30,37.03,512.00
12041,10.14,67.14,510.00
12064,10.14,67.14,510.00
12110,112.11,47.04,510.00
12135,45.51,94.57,510.00
12158,117.74,94.57,511.00
12183,117.74,57.59,510.00
12207,117.74,57.59,510.00
12231,147.35,116.21,510.00
12256,147.35,77.97,513.00
12280,65.59,135.26,510.00
12304,156.64,135.26,511.00
12328,156.64,150.45,510.00
12353,165.86,150.45,511.00
12377,165.86,91.64,511.00
12401,76.42,152.22,511.00
12425,173.45,91.95,512.00
12452,81.23,155.67,513.00
12477,175.85,97.00,513.00
12500,78.33,161.05,509.00
12525,154.96,94.94,511.00
12550,154.96,160.46,511.00
12573,154.96,85.17,510.00
12598,50.16,130.12,512.00
12622,81.20,130.12,509.00
12646,81.20,68.64,511.00
12670,81.20,106.05,511.00
12717,81.20,57.89,513.00
12740,81.20,57.89,509.00
12765,22.67,91.24,510.00
12788,22.67,91.24,511.00
12813,72.91,52.88,510.00
12836,66.82,99.64,512.00
12861,127.92,99.64,510.00
12884,127.92,68.76,511.00
12909,127.92,133.95,509.00
12939,125.97,84.35,510.00
12962,125.97,152.87,510.00
12987,64.14,94.15,511.00
13010,143.40,171.23,511.00
13035,143.40,99.59,512.00
13059,65.82,173.37,511.00
13083,159.78,99.79,511.00
13107,159.78,172.14,511.00
13130,69.65,100.97,510.00
13155,140.74,165.67,510.00
13178,66.34,101.31,510.00
13203,140.27,170.34,509.00
13227,140.27,100.86,510.00
13251,66.25,168.84,509.00
13293,140.58,167.11,510.00
13322,66.19,99.95,510.00
13345,145.41,165.78,510.00
13370,145.41,97.04,510.00
13394,66.37,159.03,513.00
13421,136.96,159.03,511.00
13446,136.96,72.05,511.00
13470,129.09,107.56,510.00
13494,129.09,107.56,511.00
13518,129.09,51.79,511.00
13542,52.41,51.79,512.00
13566,106.38,61.27,510.00
13590,106.38,61.27,511.00
13615,106.38,61.27,510.00
13638,48.67,61.27,512.00
13663,97.09,61.27,511.00
13686,97.09,61.27,510.00
13710,97.09,21.72,511.00
13734,41.74,21.72,511.00
13758,93.35,21.72,512.00
13783,93.35,21.72,511.00
13806,93.35,21.72,511.00
13831,40.52,21.72,509.00
13854,40.52,21.72,511.00
13903,91.90,21.72,511.00
13928,45.49,21.72,510.00
13952,45.49,21.72,509.00
13976,99.97,21.72,510.00
14000,99.97,21.72,511.00
14024,50.36,21.72,510.00
14048,120.91,21.72,512.00
14072,120.91,8.58,510.00
14096,61.64,8.58,510.00
14120,158.80,59.07,509.00
14145,78.31,82.90,510.00
14169,168.31,82.90,509.00
14193,168.31,53.06,511.00
14217,193.60,53.06,510.00
14241,193.60,104.01,510.00
14265,197.63,104.01,512.00
14289,197.63,59.07,511.00
14314,93.77,95.00,510.00
14338,68.06,95.00,510.00
14362,68.06,68.29,512.00
14388,69.70,116.70,512.00
14411,69.70,116.70,511.00
14436,70.00,71.66,512.00
14478,69.47,122.65,511.00
14505,69.47,71.74,509.00
14529,50.50,117.41,510.00
14554,137.94,117.41,512.00
14577,137.94,61.32,510.00
14601,137.94,99.15,509.00
14625,46.39,99.15,510.00
14649,46.39,54.23,512.00
14672,62.19,54.23,510.00
14697,62.19,81.27,511.00
14721,62.19,81.27,512.00
14744,62.19,48.16,510.00
14769,62.19,48.16,511.00
14792,62.19,81.65,510.00
14816,62.19,81.65,510.00
14839,62.19,81.65,512.00
14885,62.19,43.45,510.00
14909,62.19,66.10,509.00
14932,62.19,66.10,511.00
14957,62.19,66.10,510.00
14981,62.19,41.27,510.00
15004,62.19,41.27,510.00
15029,62.19,71.97,510.00
15052,62.19,71.97,511.00
15097,62.19,41.12,509.00
15122,62.19,71.39,511.00
15145,62.19,71.39,512.00
15170,62.19,71.39,510.00
15194,62.19,45.22,509.00
15218,0.00,45.22,510.00
15242,0.00,81.12,509.00
15265,5.14,81.12,510.00
15290,125.75,55.89,510.00
15314,125.75,99.97,509.00
15338,49.00,99.97,510.00
15363,95.65,73.70,509.00
15389,95.65,132.11,510.00
15414,95.65,80.31,510.00
15438,44.76,135.01,510.00
15462,102.46,135.01,510.00
15486,102.46,84.33,511.00
15510,102.46,142.26,508.00
15535,49.41,88.67,512.00
15559,110.07,152.59,511.00
15583,110.07,91.27,510.00
15607,52.70,153.22,511.00
15632,114.89,88.15,511.00
15655,114.89,154.93,511.00
15699,55.90,159.44,511.00
15724,129.07,159.44,510.00
15749,129.07,166.67,511.00
15772,55.63,166.67,511.00
15797,129.83,165.93,510.00
15820,129.83,165.93,508.00
15848,59.37,166.41,509.00
15873,128.36,166.41,509.00
15896,128.36,176.68,510.00
15921,60.54,176.68,509.00
15944,139.82,178.57,513.00
15969,139.82,103.21,511.00
15993,66.13,182.53,511.00
16017,142.31,104.38,511.00
16041,66.14,182.93,511.00
16066,142.91,107.30,510.00
16090,142.91,187.64,510.00
16114,69.46,103.36,510.00
16139,156.64,166.70,510.00
16162,73.91,95.63,512.00
16187,153.41,163.76,509.00
16211,153.41,93.96,510.00
16235,73.56,155.31,509.00
16260,168.62,100.00,509.00
16305,69.96,150.72,509.00
16332,138.45,152.07,510.00
16356,61.66,152.07,510.00
16380,127.86,85.55,510.00
16405,127.86,136.14,510.00
16429,127.86,92.38,511.00
16453,138.35,153.78,508.00
16477,138.35,93.86,510.00
16501,62.85,164.91,510.00
16526,134.00,97.44,513.00
16549,134.00,167.82,511.00
16574,62.97,96.77,509.00
16598,132.56,166.08,510.00
16622,132.56,93.70,511.00
16647,63.15,164.94,510.00
16670,135.31,97.77,512.00
16695,135.31,164.15,510.00
16718,64.23,95.25,511.00
16743,135.89,166.89,509.00
16768,135.89,96.43,509.00
16794,64.32,174.18,510.00
16819,141.19,95.97,511.00
16843,141.19,169.64,510.00
16885,147.93,168.43,510.00
16914,68.26,98.63,510.00
16937,150.12,167.37,509.00
16962,150.12,99.88,511.00
16987,68.76,176.43,511.00
17010,150.48,101.92,511.00
17035,69.59,181.12,511.00
17059,159.17,104.88,511.00
17083,159.17,187.22,509.00
17107,69.62,105.29,512.00
17132,158.93,182.04,509.00
17156,158.93,180.46,510.00
17180,150.94,180.46,511.00
17204,150.94,167.97,511.00
17228,0.00,167.97,512.00
17255,0.00,157.20,510.00
17280,67.64,157.20,510.00
17304,67.64,85.07,512.00
17328,67.64,127.90,509.00
17352,67.64,67.77,512.00
17376,67.64,67.77,510.00
17400,67.64,96.34,510.00
17424,67.64,96.34,510.00
17448,67.64,51.69,512.00
17494,67.64,76.63,510.00
17517,67.64,76.63,511.00
17541,67.64,76.63,511.00
17565,67.64,44.63,509.00
17589,67.64,72.34,509.00
17613,67.64,72.34,510.00
17637,67.64,72.34,510.00
17661,67.64,45.55,510.00
17685,67.64,45.55,510.00
17710,67.64,80.69,510.00
17733,67.64,80.69,510.00
17763,67.64,49.06,509.00
17786,0.00,49.06,509.00
17811,0.00,86.16,509.00
17835,0.00,86.16,510.00
17858,0.00,52.12,510.00
17882,0.00,89.67,509.00
17906,0.00,89.67,510.00
17930,0.00,89.67,509.00
17953,0.00,52.53,511.00
17978,4.33,93.30,510.00
18001,119.26,93.30,510.00
18025,119.26,59.76,512.00
18068,54.43,110.21,509.00
18096,117.43,68.29,511.00
18119,117.43,121.58,512.00
18144,49.85,121.58,509.00
18168,102.21,73.69,510.00
18192,102.21,131.67,511.00
18216,102.21,81.14,510.00
18240,45.89,141.83,509.00
18268,45.89,141.83,511.00
18292,45.89,78.39,510.00
18316,45.89,121.77,509.00
18340,45.89,121.77,510.00
18364,45.89,62.92,511.00
18388,45.89,103.06,511.00
18412,45.89,103.06,511.00
18437,14.48,57.11,510.00
18461,14.48,102.74,511.00
18485,14.48,102.74,509.00
18509,55.01,66.21,508.00
18533,134.48,125.97,512.00
18557,134.48,125.97,508.00
18581,134.48,75.23,511.00
18606,37.91,126.50,508.00
18629,88.51,79.47,510.00
18674,88.51,139.12,510.00
18699,47.15,81.76,510.00
18722,107.63,135.62,510.00
18764,107.63,146.48,512.00
18788,47.07,146.48,510.00
18812,116.62,88.53,509.00
18836,116.62,145.97,509.00
18861,53.51,88.05,512.00
18884,53.51,145.60,509.00
18909,104.76,91.30,512.00
18932,104.76,145.55,510.00
18956,50.21,145.55,511.00
18980,106.38,151.27,511.00
19004,106.38,151.27,510.00
19027,106.38,89.39,510.00
19052,106.38,150.91,510.00
19076,31.48,83.67,510.00
19100,31.48,127.27,510.00
19124,31.48,127.27,509.00
19147,31.48,68.49,511.00
19172,31.48,113.19,510.00
19195,31.48,113.19,510.00
19241,31.48,101.15,510.00
19268,31.48,101.15,510.00
19293,31.48,60.56,510.00
19316,31.48,60.56,510.00
19340,31.48,99.08,510.00
19364,31.48,99.08,510.00
19388,31.48,56.34,512.00
19411,31.48,91.66,510.00
19436,31.48,91.66,510.00
19460,31.48,91.66,510.00
19483,31.48,52.41,511.00
19508,31.48,86.52,511.00
19531,31.48,86.52,510.00
19555,31.48,86.52,510.00
19579,0.00,49.93,510.00
19603,5.68,86.89,510.00
19627,5.68,86.89,511.00
19651,5.68,52.84,510.00
19675,52.85,52.84,511.00
19701,112.01,94.14,510.00
19726,112.01,94.14,509.00
19749,112.01,65.33,511.00
19773,41.30,118.82,509.00
19798,87.82,72.84,510.00
19840,87.82,129.53,509.00
19864,44.86,81.17,510.00
19888,102.73,148.08,511.00
19911,102.73,88.95,510.00
19936,102.73,156.64,510.00
19959,51.19,94.00,509.00
19984,118.43,165.89,512.00
20007,118.43,98.58,512.00
20031,55.58,166.59,509.00
20056,123.09,101.41,511.00
20079,123.09,171.19,511.00
20103,56.57,100.11,510.00
20127,132.25,165.97,510.00
20151,132.25,100.40,511.00
20178,56.93,166.37,510.00
20202,129.40,98.28,510.00
20227,129.40,160.50,509.00
20250,129.40,95.92,508.00
20274,57.75,157.73,510.00
20297,122.09,157.73,511.00
20322,122.09,163.68,509.00
20345,57.56,163.68,511.00
20370,131.07,167.30,509.00
20393,131.07,167.30,510.00
20441,141.67,161.01,510.00
20465,141.67,167.82,509.00
20489,63.51,167.82,510.00
20513,137.06,174.66,510.00
20538,66.23,174.66,510.00
20562,144.15,176.02,510.00
20586,144.15,176.02,509.00
20611,68.32,170.84,509.00
20635,143.10,102.33,509.00
20662,143.10,175.73,510.00
20686,149.88,101.31,509.00
20711,149.88,173.33,508.00
20734,68.33,100.48,510.00
20759,139.61,177.56,510.00
20784,139.61,101.93,509.00
20807,66.40,174.95,510.00
20832,144.31,101.28,510.00
20856,144.31,163.83,510.00
20880,64.93,163.83,510.00
20904,151.12,60.78,512.00
20928,151.12,87.81,508.00
20953,61.69,87.81,510.00
20977,97.23,87.81,512.00
21001,97.23,40.66,510.00
21047,35.77,40.66,510.00
21070,35.77,44.65,511.00
21095,65.27,44.65,509.00
21118,65.27,44.65,509.00
21146,65.27,44.65,510.00
21170,65.27,44.65,509.00
21194,65.27,44.65,510.00
21218,27.66,44.65,509.00
21242,27.66,44.65,510.00
21266,52.70,44.65,512.00
21291,52.70,44.65,510.00
21315,52.70,44.65,508.00
21339,52.70,44.65,510.00
21363,29.33,44.65,509.00
21387,29.33,44.65,512.00
21411,74.88,44.65,512.00
21435,74.88,44.65,510.00
21459,74.88,44.65,509.00
21483,38.47,44.65,510.00
21508,38.47,44.65,511.00
21531,96.67,44.65,510.00
21556,96.67,44.65,510.00
21579,48.16,44.65,511.00
21629,111.87,44.65,510.00
21657,51.99,0.00,509.00
21682,120.58,0.00,511.00
21705,120.58,0.00,509.00
21729,120.58,0.00,509.00
21753,56.71,0.00,509.00
21777,132.84,0.00,510.00
21801,132.84,0.00,509.00
21825,61.11,0.00,510.00
21850,143.43,0.00,509.00
21873,143.43,0.00,510.00
21898,60.47,0.00,509.00
21921,137.21,0.00,509.00
21945,63.17,0.00,512.00
21969,136.34,0.00,510.00
21993,136.34,0.00,511.00
22018,65.21,0.00,510.00
22041,148.63,0.00,510.00
22066,148.63,0.00,510.00
22089,68.39,0.00,511.00
22117,148.72,0.00,509.00
22140,148.72,0.00,510.00
22164,148.60,0.00,511.00
22189,148.60,0.00,509.00
22235,150.42,0.00,510.00
22258,150.42,0.00,510.00
22282,71.17,0.00,510.00
22306,150.69,0.00,511.00
22330,72.05,0.00,510.00
22354,154.80,0.00,511.00
22378,154.80,0.00,508.00
22403,69.52,0.00,511.00
22426,148.81,0.00,509.00
22450,148.81,0.00,511.00
22474,148.90,0.00,509.00
22499,148.90,0.00,510.00
22522,65.42,0.00,509.00
22546,146.03,0.00,511.00
22571,146.03,0.00,510.00
22594,63.33,0.00,510.00
22640,139.38,1.95,511.00
22665,71.15,84.80,510.00
22688,157.20,84.80,511.00
22713,70.52,53.95,510.00
22736,70.52,82.03,511.00
22761,117.19,82.03,509.00
22786,117.19,82.03,509.00
22825,41.21,43.54,511.00
22854,71.08,73.11,510.00
22878,71.08,73.11,510.00
22902,63.31,51.03,510.00
22927,120.13,51.03,511.00
22950,120.13,80.86,511.00
22975,67.10,80.86,509.00
22999,153.03,80.86,510.00
23023,153.03,80.86,512.00
23047,66.21,32.00,511.00
23071,141.78,32.00,510.00
23096,141.78,32.00,510.00
23119,60.72,32.00,511.00
23142,126.84,29.74,511.00
23165,126.84,29.74,510.00
23190,56.81,29.74,509.00
23214,126.86,29.74,512.00
23238,126.86,29.74,510.00
23262,126.86,29.74,509.00
23286,52.84,29.74,510.00
23311,126.37,29.74,511.00
23334,126.37,29.74,510.00
23359,58.47,29.74,510.00
23383,140.16,12.18,509.00
23426,162.34,74.39,509.00
23453,162.34,74.39,508.00
23478,179.81,74.39,512.00
23501,179.81,50.10,512.00
23526,85.19,84.36,510.00
23549,189.44,84.36,509.00
23574,88.99,55.30,510.00
23599,88.99,55.30,511.00
23626,199.73,101.68,511.00
23650,199.73,64.74,509.00
23674,97.25,115.35,511.00
23699,68.15,115.35,507.00
23723,68.15,69.86,509.00
23747,69.26,121.99,511.00
23772,69.26,121.99,510.00
23795,69.86,73.36,510.00
23820,69.86,123.52,510.00
23843,198.41,123.52,509.00
23868,198.41,71.75,510.00
23892,75.65,116.86,511.00
23916,138.33,116.86,510.00
23941,138.33,64.81,511.00
23964,53.58,95.38,510.00
23989,53.58,95.38,509.00
24035,73.38,49.42,511.00
24059,73.38,75.15,509.00
24083,73.38,75.15,510.00
24111,73.38,75.15,510.00
24134,73.38,40.48,509.00
24159,73.38,40.48,508.00
24182,73.38,51.98,510.00
24207,73.38,51.98,510.00
24230,73.38,51.98,509.00
24255,73.38,51.98,511.00
24279,73.38,51.98,509.00
24303,73.38,30.57,510.00
24327,73.38,30.57,510.00
24351,73.38,58.24,509.00
24376,73.38,58.24,511.00
24399,73.38,58.24,510.00
24424,73.38,35.95,513.00
24448,73.38,35.95,511.00
24472,73.38,66.28,512.00
24496,73.38,66.28,509.00
24520,0.00,66.28,510.00
24544,0.00,45.73,509.00
24568,0.00,87.07,510.00
24613,126.75,56.70,510.00
24641,126.75,56.70,511.00
24666,126.75,105.84,508.00
24689,51.40,71.59,508.00
24714,108.26,134.46,509.00
24737,108.26,134.46,511.00
24762,48.78,142.15,510.00
24786,103.73,142.15,509.00
24811,103.73,88.40,511.00
24835,103.73,149.79,510.00
24859,49.16,91.03,510.00
24884,111.34,152.94,510.00
24907,111.34,93.61,510.00
24932,111.34,155.96,509.00
24955,50.08,92.56,510.00
24980,105.07,146.83,510.00
25004,105.07,146.83,508.00
25028,49.34,154.96,509.00
25059,116.06,90.93,509.00
25082,116.06,150.39,508.00
25107,116.06,150.39,509.00
25131,49.68,61.25,510.00
25154,111.87,61.25,510.00
25179,111.87,82.04,510.00
25224,43.67,82.04,510.00
25247,77.62,82.04,510.00
25272,77.62,32.04,508.00
25295,77.62,32.04,510.00
25320,77.62,32.04,510.00
25344,35.64,32.04,510.00
25368,78.31,32.04,510.00
25392,78.31,32.04,511.00
25416,78.31,32.04,511.00
25440,78.31,32.04,509.00
25464,37.07,32.04,510.00
25489,82.50,32.04,509.00
25512,82.50,32.04,509.00
25536,82.50,32.04,510.00
25564,41.05,32.04,510.00
25588,101.37,32.04,510.00
25612,101.37,32.04,510.00
25636,101.37,32.04,510.00
25660,50.76,32.04,511.00
25684,116.73,32.04,510.00
25709,116.73,32.04,510.00
25733,56.28,32.04,507.00
25757,123.36,32.04,508.00
25781,123.36,32.04,511.00
25827,147.61,5.68,511.00
25851,147.61,58.36,511.00
25875,70.54,88.19,509.00
25900,161.85,88.19,510.00
25923,79.01,88.19,510.00
25948,180.12,49.02,511.00
25972,85.03,94.35,511.00
25996,85.03,94.35,509.00
26020,62.61,55.09,509.00
26051,193.60,96.54,509.00
26076,93.74,96.54,511.00
26099,198.47,96.54,512.00
26124,93.31,54.75,510.00
26147,93.31,107.70,511.00
26171,66.50,107.70,509.00
26195,66.50,65.35,511.00
26219,68.86,112.78,511.00
26243,68.86,112.78,509.00
26267,69.60,69.52,510.00
26292,70.64,118.65,509.00
26315,70.64,118.65,509.00
26340,71.41,69.30,510.00
26363,71.41,123.52,510.00
26406,69.07,71.46,509.00
26434,54.22,120.12,510.00
26458,147.03,67.73,509.00
26482,147.03,114.05,510.00
26506,147.03,114.05,511.00
26546,100.31,61.02,510.00
26570,100.31,111.97,511.00
26594,71.29,111.97,509.00
26618,145.35,58.57,509.00
26643,73.30,113.67,510.00
26668,157.17,113.67,511.00
26691,157.17,64.24,509.00
26716,71.59,113.36,510.00
26740,152.47,113.36,510.00
26764,71.69,68.20,509.00
26788,150.94,117.68,511.00
26812,150.94,117.68,508.00
26836,69.11,70.84,510.00
26861,147.81,122.61,510.00
26885,147.81,122.61,510.00
26909,163.93,59.93,510.00
26934,163.93,59.93,509.00
26957,67.90,60.94,510.00
27000,128.84,60.94,510.00
27031,54.02,60.94,511.00
27056,54.02,60.94,511.00
27079,98.70,25.04,509.00
27104,98.70,25.04,510.00
27128,98.70,25.04,508.00
27152,39.77,25.04,509.00
27176,87.26,25.04,510.00
27200,87.26,25.04,511.00
27225,87.26,25.04,511.00
27248,87.26,25.04,509.00
27273,33.44,25.04,510.00
27296,33.44,25.04,512.00
27321,61.17,25.04,510.00
27344,61.17,25.04,510.00
27369,61.17,25.04,511.00
27393,61.17,25.04,511.00
27417,29.37,25.04,509.00
27441,29.37,25.04,510.00
27465,73.07,25.04,509.00
27490,73.07,25.04,510.00
27521,73.07,25.04,510.00
27544,42.04,25.04,510.00
27586,93.05,0.00,510.00
27614,93.05,0.00,510.00
27638,49.22,0.00,509.00
27662,115.63,0.00,510.00
27685,115.63,0.00,510.00
27710,55.53,0.00,509.00
27735,124.85,0.00,510.00
27758,124.85,0.00,509.00
27782,63.18,0.00,511.00
27806,147.90,0.00,510.00
27830,147.90,0.00,509.00
27854,160.84,0.00,511.00
27878,160.84,0.00,511.00
27902,75.70,3.62,511.00
27927,183.24,3.62,510.00
27951,84.14,3.62,509.00
27975,84.14,38.70,511.00
28000,61.40,38.70,508.00
28026,61.40,74.78,511.00
28051,63.52,74.78,508.00
28075,63.52,46.85,510.00
28099,64.37,46.85,508.00
28123,64.37,93.45,509.00
28147,67.02,93.45,510.00
28193,68.11,48.85,510.00
28218,68.57,92.81,509.00
28241,68.57,92.81,510.00
28266,70.52,61.12,512.00
28291,70.52,108.48,509.00
28314,68.76,108.48,508.00
28339,68.76,65.70,509.00
28363,198.68,113.76,510.00
28387,198.68,113.76,510.00
28411,67.07,63.36,511.00
28436,131.16,100.91,511.00
28460,131.16,100.91,511.00
28484,131.16,50.93,510.00
28511,47.21,50.93,508.00
28535,78.04,79.09,510.00
28560,78.04,79.09,509.00
28583,78.04,79.09,509.00
28608,78.04,41.91,510.00
28632,78.04,41.91,511.00
28656,78.04,61.45,511.00
28680,78.04,61.45,509.00
28704,78.04,61.45,510.00
28728,78.04,61.45,511.00
28752,78.04,29.52,509.00
28800,78.04,29.52,510.00
28823,78.04,48.06,512.00
28848,78.04,48.06,511.00
28871,78.04,48.06,509.00
28896,78.04,32.99,510.00
28920,78.04,32.99,512.00
28944,78.04,32.99,508.00
28968,78.04,53.37,509.00
28992,78.04,53.37,510.00
29022,78.04,53.37,509.00
29045,78.04,53.37,510.00
29070,78.04,29.81,510.00
29093,78.04,29.81,509.00
29118,78.04,50.18,509.00
29142,0.00,50.18,510.00
29165,0.00,50.18,510.00
29189,0.00,38.80,510.00
29212,0.00,38.80,510.00
29237,0.00,75.05,509.00
29260,0.00,75.05,509.00
29284,0.00,75.05,509.00
29308,0.00,46.89,510.00
29332,0.00,84.66,510.00
29372,0.00,84.66,511.00
29400,0.00,51.81,510.00
29423,0.00,83.75,510.00
29447,0.00,83.75,510.00
29470,0.00,83.75,511.00
29495,0.00,52.17,510.00
29521,0.00,88.81,509.00
29545,0.00,88.81,510.00
29570,2.91,57.35,510.00
29593,97.78,101.74,510.00
29618,97.78,101.74,511.00
29641,97.78,68.13,510.00
29666,44.18,124.94,510.00
29689,44.18,124.94,509.00
29713,87.19,79.41,510.00
29737,87.19,130.03,510.00
29761,87.19,82.89,510.00
29786,42.47,137.89,512.00
29809,98.10,137.89,508.00
29834,98.10,84.20,508.00
29857,98.10,137.84,510.00
29882,48.33,85.65,511.00
29905,100.75,145.52,510.00
29930,100.75,87.46,510.00
29972,46.23,150.57,510.00
30004,107.65,148.84,510.00
30027,107.65,148.84,509.00
30052,50.54,90.50,510.00
30075,120.48,157.96,510.00
30100,120.48,93.27,508.00
30125,55.17,160.22,510.00
30148,122.07,95.36,511.00
30173,122.07,167.00,509.00
30197,122.07,98.39,510.00
30221,125.71,167.37,510.00
30245,125.71,98.58,510.00
30270,125.71,171.39,510.00
30294,58.40,100.70,511.00
30318,135.43,167.94,510.00
30342,135.43,98.91,509.00
30366,58.78,166.00,510.00
30390,133.52,99.11,509.00
30414,133.52,174.18,509.00
30439,60.78,100.29,509.00
30484,127.77,100.01,512.00
30509,60.45,176.35,509.00
30533,135.40,100.98,510.00
30574,67.34,112.70,509.00
30602,143.54,51.52,510.00
30625,64.41,51.52,509.00
30650,130.84,68.48,510.00
30674,130.84,68.48,510.00
30698,130.84,68.48,510.00
30723,58.58,68.48,511.00
30747,112.97,68.48,510.00
30771,112.97,68.48,510.00
30795,48.45,68.48,513.00
30819,96.61,68.48,509.00
30843,96.61,68.48,509.00
30867,96.61,68.48,510.00
30892,52.49,68.48,509.00
30916,133.19,68.48,510.00
30940,133.19,68.48,510.00
30967,53.29,68.48,509.00
30992,53.29,68.48,511.00
31015,73.94,68.48,510.00
31040,73.94,68.48,510.00
31064,73.94,68.48,511.00
31088,35.99,68.48,509.00
31113,35.99,68.48,510.00
31136,78.23,68.48,510.00
31195,78.23,68.48,509.00
31220,78.23,68.48,510.00
31244,28.72,0.00,510.00
31268,78.58,0.00,510.00
31292,78.58,0.00,510.00
31316,78.58,0.00,510.00
31340,78.58,0.00,509.00
31365,36.94,0.00,510.00
31388,36.94,0.00,510.00
31412,36.94,0.00,510.00
31436,37.08,3.88,510.00
31461,37.08,97.16,510.00
31488,37.08,97.16,510.00
31512,37.41,51.39,511.00
31537,114.17,51.39,509.00
31560,114.17,101.05,508.00
31585,61.04,101.05,510.00
31609,136.59,57.85,510.00
31633,136.59,120.70,511.00
31657,71.00,79.22,513.00
31682,163.19,132.30,509.00
31706,76.11,132.30,510.00
31730,161.99,80.93,511.00
31755,161.99,132.11,510.00
31801,173.05,139.79,508.00
31824,78.85,139.79,512.00
31849,173.21,141.19,510.00
31874,77.85,141.19,509.00
31897,177.47,84.15,510.00
31922,80.27,140.48,509.00
31946,168.50,82.42,510.00
31974,168.50,134.58,509.00
31997,60.77,134.58,509.00
32022,100.77,76.71,509.00
32047,100.77,115.33,510.00
32070,100.77,115.33,511.00
32095,100.77,62.80,508.00
32119,32.31,99.76,508.00
32143,32.31,99.76,511.00
32167,32.31,51.51,509.00
32191,32.31,51.51,511.00
32216,32.31,76.72,510.00
32239,32.31,76.72,509.00
32264,32.31,76.72,511.00
32288,32.31,38.03,511.00
32312,32.31,38.03,511.00
32336,32.31,60.00,509.00
32360,32.31,60.00,510.00
32406,32.31,60.00,512.00
32431,32.31,38.53,510.00
32460,32.31,72.41,512.00
32484,32.31,72.41,510.00
32508,32.31,72.41,510.00
32532,32.31,42.95,510.00
32556,32.31,42.95,510.00
32580,32.31,70.29,510.00
32604,32.31,70.29,512.00
32627,32.31,70.29,510.00
32652,5.65,45.22,511.00
32675,5.65,86.64,511.00
32700,5.65,86.64,509.00
32723,51.61,55.96,509.00
32747,117.37,55.96,508.00
32772,117.37,107.02,511.00
32795,55.43,67.97,511.00
32820,122.97,124.96,509.00
32843,122.97,124.96,509.00
32868,51.50,74.15,509.00
32891,110.26,128.76,510.00
32915,110.26,128.76,511.00
32943,110.26,130.62,509.00
32988,119.77,77.87,509.00
33012,119.77,130.28,510.00
33036,53.74,130.28,511.00
33060,114.31,82.85,511.00
33084,114.31,137.74,510.00
33108,58.04,82.64,510.00
33132,126.67,137.82,509.00
33157,126.67,87.50,511.00
33180,126.67,141.22,509.00
33205,53.90,141.22,509.00
33228,108.13,141.22,511.00
33252,108.13,56.55,512.00
33276,48.69,76.34,511.00
33300,48.69,76.34,510.00
33325,79.30,76.34,509.00
33348,79.30,76.34,508.00
33372,79.30,76.34,511.00
33396,79.30,76.34,509.00
33423,30.95,76.34,509.00
33447,30.95,76.34,512.00
33471,61.55,76.34,509.00
33495,61.55,76.34,511.00
33518,61.55,76.34,510.00
33543,61.55,76.34,510.00
33588,27.94,76.34,510.00
33612,27.94,76.34,510.00
33636,57.96,76.34,509.00
33659,57.96,76.34,508.00
33684,57.96,76.34,510.00
33708,33.51,76.34,511.00
33731,33.51,76.34,510.00
33756,80.19,6.40,509.00
33779,80.19,95.55,511.00
33804,50.35,95.55,511.00
33827,121.54,95.55,510.00
33851,121.54,45.03,511.00
33875,62.69,87.81,511.00
33902,155.22,87.81,510.00
33927,155.22,52.78,510.00
33950,72.26,52.78,509.00
33974,161.39,103.76,509.00
33998,80.47,103.76,510.00
34022,185.46,53.86,510.00
34046,84.67,106.99,509.00
34070,200.00,106.99,509.00
34095,87.83,67.91,511.00
34118,87.83,117.19,510.00
34143,63.50,117.19,509.00
34186,64.82,122.83,511.00
34209,64.82,122.83,510.00
34234,64.82,72.31,510.00
34257,140.53,122.75,509.00
34282,140.53,122.75,510.00
34306,61.20,66.13,511.00
34330,61.20,98.66,510.00
34354,102.26,98.66,509.00
34393,102.26,53.01,510.00
34417,102.26,76.25,510.00
34441,31.11,76.25,509.00
34465,31.11,76.25,511.00
34489,31.11,40.93,509.00
34513,31.11,40.93,510.00
34537,31.11,40.93,510.00
34561,31.11,51.53,510.00
34585,31.11,51.53,510.00
34609,31.11,51.53,511.00
34632,31.11,51.53,509.00
34657,31.11,51.53,511.00
34680,31.11,51.53,511.00
34704,31.11,21.34,510.00
34728,31.11,21.34,511.00
34771,31.11,39.41,510.00
34799,31.11,39.41,510.00
34823,31.11,39.41,510.00
34847,31.11,39.41,509.00
34871,31.11,39.41,511.00
34902,31.11,26.87,510.00
34925,31.11,57.81,509.00
34949,31.11,57.81,509.00
34973,0.00,57.81,509.00
34997,0.00,57.81,511.00
35020,0.00,36.30,509.00
35045,0.00,36.30,511.00
35068,0.00,75.44,508.00
35092,0.00,75.44,509.00
35116,0.00,75.44,509.00
35140,0.00,41.05,511.00
35164,0.00,71.15,512.00
35187,0.00,71.15,511.00
35211,0.00,71.15,510.00
35235,0.00,43.09,510.00
35259,0.00,43.09,510.00
35282,0.00,81.60,509.00
35306,0.00,81.60,510.00
35331,0.00,81.60,510.00
35376,0.00,42.84,510.00
35402,0.00,74.21,510.00
35427,0.00,74.21,512.00
35450,0.00,46.57,511.00
35475,0.00,46.57,510.00
35499,0.00,80.82,509.00
35523,0.00,80.82,511.00
35547,0.00,49.66,510.00
35571,0.00,49.66,509.00
35595,0.00,78.54,509.00
35619,0.00,78.54,510.00
35643,0.00,48.20,509.00
35667,0.00,48.20,511.00
35691,0.00,77.49,509.00
35716,0.00,77.49,511.00
35739,0.00,77.49,509.00
35764,2.27,46.04,510.00
35787,2.27,77.70,510.00
35812,51.31,77.70,509.00
35835,51.31,77.70,511.00
35860,114.26,53.84,511.00
35885,114.26,97.73,510.00
35912,49.22,97.73,510.00
35955,100.79,111.96,509.00
35983,100.79,111.96,508.00
36007,45.37,73.80,511.00
36032,102.47,119.56,510.00
36056,102.47,76.12,511.00
36080,102.47,135.84,509.00
36104,52.14,135.84,510.00
36128,118.07,83.41,511.00
36153,118.07,144.15,508.00
36177,54.79,87.44,511.00
36201,115.87,153.94,509.00
36226,115.87,91.52,512.00
36249,59.66,156.48,511.00
36274,127.94,91.90,510.00
36298,127.94,158.73,508.00
36323,58.88,94.91,510.00
36346,141.99,158.90,508.00
36377,141.99,94.94,509.00
36402,62.47,159.74,509.00
36425,129.22,95.03,509.00
36449,129.22,168.09,509.00
36473,59.32,96.89,512.00
36498,127.08,168.16,509.00
36521,127.08,96.48,510.00
36568,99.02,99.60,509.00
36592,99.02,158.39,508.00
36616,99.02,158.39,510.00
36640,99.02,136.66,508.00
36665,28.22,136.66,510.00
36688,28.22,75.21,511.00
36713,28.22,115.53,508.00
36737,28.22,115.53,510.00
36761,28.22,66.06,511.00
36786,28.22,101.42,510.00
36809,28.22,101.42,509.00
36834,28.22,57.89,509.00
36857,28.22,57.89,509.00
36885,28.22,92.66,508.00
36910,28.22,92.66,510.00
36933,28.22,58.86,510.00
36958,10.58,97.72,510.00
36981,10.58,97.72,510.00
37006,10.58,63.37,510.00
37030,50.96,107.33,510.00
37054,100.42,107.33,511.00
37079,100.42,69.74,509.00
37103,47.64,118.76,508.00
37127,47.64,118.76,508.00
37174,100.87,132.00,511.00
37197,47.41,80.59,509.00
37222,106.35,135.67,511.00
37246,106.35,135.67,510.00
37270,106.35,141.48,510.00
37295,48.36,141.48,510.00
37318,108.52,86.15,508.00
37343,108.52,151.33,510.00
37370,50.63,88.99,509.00
37395,121.54,155.05,508.00
37419,121.54,90.34,509.00
37443,121.54,154.32,510.00
37468,52.09,90.90,510.00
37491,123.31,156.22,510.00
37516,123.31,93.34,510.00
37540,56.70,162.62,510.00
37564,123.89,95.65,508.00
37588,123.89,159.95,510.00
37613,59.44,159.95,510.00
37637,137.99,173.57,509.00
37661,137.99,173.57,509.00
37685,62.42,136.61,510.00
37709,135.04,136.61,509.00
37734,135.04,136.61,510.00
37779,111.77,96.26,510.00
37803,111.77,96.26,509.00
37833,50.40,96.26,510.00
37858,50.40,41.01,510.00
37881,105.28,41.01,510.00
37905,105.28,41.01,510.00
37929,105.28,38.99,510.00
37953,40.18,38.99,509.00
37978,90.63,38.99,510.00
38001,90.63,38.99,508.00
38026,90.63,38.99,510.00
38049,130.37,38.99,510.00
38073,130.37,38.99,509.00
38097,130.37,38.99,509.00
38121,54.61,38.99,510.00
38146,77.89,38.99,509.00
38169,77.89,38.99,509.00
38193,77.89,38.99,510.00
38217,77.89,38.99,509.00
38241,33.28,38.99,510.00
38265,33.28,38.99,509.00
38289,56.65,38.99,510.00
38334,56.65,38.99,510.00
38379,56.65,38.99,509.00
38404,56.65,38.99,510.00
38427,56.65,38.99,510.00
38452,20.98,38.99,510.00
38475,66.50,38.99,510.00
38500,66.50,0.00,510.00
38524,66.50,0.00,509.00
38548,66.50,0.00,508.00
38573,32.18,0.00,511.00
38596,32.18,0.00,509.00
38621,32.18,0.00,510.00
38644,51.12,0.00,509.00
38669,51.12,0.00,510.00
38692,51.12,0.00,510.00
38717,51.12,0.00,510.00
38740,27.22,0.00,510.00
38765,27.22,0.00,511.00
38789,66.58,0.00,509.00
38813,66.58,0.00,509.00
38841,66.58,0.00,511.00
38864,66.58,0.00,510.00
38889,34.15,0.00,510.00
38913,78.05,0.00,508.00
38937,78.05,2.98,509.00
38982,48.81,89.07,508.00
39006,132.14,89.07,509.00
39030,132.14,52.66,510.00
39055,164.01,91.79,509.00
39078,164.01,91.79,510.00
39103,80.78,59.47,510.00
39127,183.37,59.47,509.00
39151,86.73,92.76,510.00
39176,86.73,65.86,510.00
39199,61.67,65.86,510.00
39224,61.67,114.10,510.00
39248,64.41,69.68,510.00
39273,64.41,116.30,509.00
39297,64.63,116.30,510.00
39321,64.63,69.28,510.00
39349,196.49,112.99,510.00
39373,196.49,112.99,509.00
39397,85.65,69.55,509.00
39421,149.52,111.09,509.00
39446,149.52,111.09,509.00
39470,49.52,64.97,512.00
39494,49.52,89.00,510.00
39519,73.51,89.00,509.00
39542,73.51,89.00,511.00
39587,73.51,44.97,510.00
39612,73.51,61.37,508.00
39635,73.51,61.37,510.00
39660,73.51,61.37,510.00
39684,73.51,61.37,509.00
39708,73.51,30.77,511.00
39732,73.51,30.77,510.00
39756,73.51,30.77,508.00
39781,73.51,53.61,510.00
39804,73.51,53.61,510.00
39834,73.51,53.61,511.00
39858,73.51,53.61,509.00
39882,73.51,27.75,508.00
39906,73.51,27.75,509.00
39929,73.51,53.42,509.00
39954,73.51,53.42,509.00
39977,73.51,53.42,511.00
40001,73.51,53.42,510.00
40026,73.51,35.54,509.00
40049,73.51,35.54,510.00
40073,0.00,61.36,509.00
40097,0.00,61.36,510.00
40121,0.00,61.36,510.00
40164,0.00,39.32,509.00
40192,4.38,74.61,509.00
40216,120.50,74.61,511.00
40240,120.50,48.99,508.00
40264,120.50,48.99,509.00
40288,50.85,92.87,509.00
40312,104.20,92.87,507.00
40340,104.20,119.96,508.00
40364,46.25,119.96,508.00
40388,46.25,73.86,509.00
40413,106.04,128.34,510.00
40436,106.04,128.34,507.00
40461,53.82,78.22,510.00
40485,117.74,139.28,507.00
40509,117.74,82.18,509.00
40534,54.83,147.58,509.00
40558,123.80,89.19,507.00
40582,123.80,156.54,509.00
40606,61.66,156.54,508.00
40631,131.56,145.46,511.00
40655,131.56,145.46,510.00
40679,57.83,86.73,510.00
40704,136.24,149.08,508.00
40728,136.24,86.88,509.00
40773,118.48,89.60,511.00
40797,118.48,155.80,506.00
40821,118.48,155.80,510.00
40845,57.78,88.37,509.00
40869,120.91,131.21,510.00
40893,120.91,131.21,510.00
40918,52.52,52.67,511.00
40941,96.87,52.67,509.00
40966,96.87,69.73,508.00
40989,96.87,69.73,508.00
41013,96.87,69.73,509.00
41037,38.58,69.73,507.00
41061,68.16,69.73,508.00
41085,68.16,69.73,509.00
41109,68.16,69.73,511.00
41133,68.16,69.73,508.00
41157,68.16,69.73,509.00
41181,28.14,69.73,510.00
41204,28.14,69.73,511.00
41229,61.50,69.73,508.00
41252,61.50,69.73,508.00
41280,61.50,69.73,509.00
41304,34.33,69.73,509.00
41347,81.36,69.73,509.00
41374,81.36,69.73,510.00
41398,81.36,69.73,510.00
41422,36.92,69.73,510.00
41446,36.92,6.29,509.00
41470,101.74,93.42,509.00
41495,101.74,93.42,508.00
41519,50.93,93.42,509.00
41543,114.45,44.66,510.00
41568,114.45,76.45,507.00
41591,62.71,76.45,511.00
41616,139.17,76.45,509.00
41640,139.17,50.56,510.00
41664,168.80,85.38,509.00
41689,168.80,85.38,509.00
41712,79.74,57.24,509.00
41737,183.37,57.24,509.00
41764,84.18,105.75,508.00
41789,195.92,67.01,508.00
41814,92.22,119.79,509.00
41837,92.22,119.79,508.00
41862,64.85,71.94,511.00
41886,64.85,123.31,508.00
41910,65.01,123.31,509.00
41956,62.60,125.86,509.00
41979,172.69,125.86,509.00
42004,74.31,69.96,508.00
42029,184.32,110.47,508.00
42052,88.66,110.47,509.00
42077,171.35,64.20,509.00
42101,171.35,115.92,509.00
42126,190.40,71.17,508.00
42149,190.40,120.42,509.00
42174,197.78,120.42,509.00
42199,197.78,72.32,510.00
42222,79.58,120.19,510.00
42264,156.61,64.98,509.00
42289,48.82,64.98,510.00
42312,48.82,104.59,508.00
42337,79.02,104.59,510.00
42360,79.02,55.09,509.00
42385,79.02,87.42,509.00
42408,79.02,87.42,508.00
42432,79.02,87.42,508.00
42457,79.02,49.19,510.00
42480,79.02,78.93,509.00
42505,79.02,78.93,510.00
42551,79.02,44.55,510.00
42574,79.02,44.55,510.00
42598,79.02,74.72,509.00
42622,79.02,74.72,509.00
42646,79.02,74.72,509.00
42671,8.88,42.11,510.00
42694,120.37,42.11,510.00
42718,120.37,76.00,508.00
42742,56.45,76.00,510.00
42769,112.44,54.99,509.00
42793,112.44,100.28,509.00
42817,112.44,100.28,510.00
42842,43.29,68.62,509.00
42865,43.29,120.60,511.00
42890,95.14,75.61,508.00
42913,95.14,125.75,509.00
42938,47.87,125.75,510.00
42961,110.41,80.93,509.00
42986,110.41,141.56,509.00
43010,110.41,84.18,509.00
43034,52.48,139.15,509.00
43058,112.65,139.15,509.00
43082,112.65,85.89,511.00
43106,52.79,146.89,510.00
43151,116.57,155.25,508.00
43175,116.57,93.18,510.00
43199,54.80,158.09,511.00
43224,129.56,92.88,511.00
43251,129.56,162.58,509.00
43275,57.41,98.57,509.00
43299,134.67,167.45,509.00
43323,134.67,97.40,510.00
43347,60.10,166.19,508.00
43371,129.47,94.63,508.00
43396,129.47,150.97,508.00
43419,57.59,150.97,509.00
43444,124.58,54.50,509.00
43467,124.58,54.50,510.00
43492,54.70,74.53,509.00
43515,102.81,74.53,509.00
43540,102.81,74.53,509.00
43564,102.81,74.53,510.00
43588,102.81,74.53,508.00
43612,37.55,23.22,509.00
43636,0.00,23.22,509.00
43660,0.00,23.22,511.00
43683,0.00,23.22,510.00
43726,0.00,23.22,506.00
43754,32.55,23.22,510.00
43779,73.77,23.22,509.00
43802,73.77,23.22,508.00
43826,73.77,23.22,509.00
43850,73.77,23.22,510.00
43874,30.80,23.22,507.00
43898,30.80,23.22,509.00
43922,67.87,23.22,509.00
43945,67.87,23.22,509.00
43970,67.87,23.22,509.00
43994,36.32,23.22,511.00
44018,36.32,23.22,510.00
44042,91.72,23.22,509.00
44065,91.72,23.22,509.00
44090,91.72,23.22,510.00
44113,41.82,0.00,508.00
44138,99.51,0.00,508.00
44162,99.51,0.00,510.00
44185,52.66,0.00,509.00
44213,125.31,0.00,512.00
44236,125.31,4.94,508.00
44261,63.95,4.94,509.00
44284,166.52,46.89,509.00
44327,175.69,77.57,509.00
44356,175.69,77.57,511.00
44380,185.00,77.57,508.00
44404,185.00,50.10,509.00
44429,197.01,94.34,509.00
44452,197.01,94.34,509.00
44477,91.09,57.55,509.00
44500,91.09,104.79,509.00
44525,188.16,104.79,510.00
44550,188.16,59.76,509.00
44574,76.88,100.98,509.00
44598,129.29,100.98,509.00
44622,129.29,100.98,509.00
44647,54.77,60.74,510.00
44670,54.77,93.25,510.00
44698,83.94,93.25,510.00
44723,83.94,51.67,510.00
44746,83.94,51.67,508.00
44771,83.94,79.33,511.00
44794,83.94,79.33,511.00
44819,83.94,79.33,510.00
44844,83.94,40.47,509.00
44867,83.94,40.47,507.00
44892,83.94,54.78,511.00
44937,83.94,54.78,509.00
44960,83.94,54.78,511.00
44985,83.94,34.27,510.00
45009,83.94,34.27,512.00
45033,83.94,58.85,511.00
45058,83.94,58.85,509.00
45081,83.94,58.85,510.00
45106,83.94,36.71,510.00
45130,83.94,36.71,512.00
45154,83.94,65.45,508.00
45184,0.00,65.45,510.00
45207,0.00,65.45,510.00
45232,0.00,45.98,509.00
45255,0.00,73.03,511.00
45279,0.00,73.03,510.00
45303,0.00,73.03,509.00
45327,0.00,47.07,509.00
45350,0.00,47.07,510.00
45375,0.00,77.47,509.00
45399,0.00,77.47,509.00
45423,0.00,47.13,509.00
45447,0.00,47.13,509.00
45470,0.00,76.78,510.00
45513,0.00,76.78,509.00
45541,0.00,48.15,508.00
45565,0.00,83.30,508.00
45589,0.00,83.30,510.00
45614,0.00,83.30,510.00
45637,0.00,49.74,510.00
45662,0.00,81.89,509.00
45685,0.00,81.89,510.00
45713,0.00,81.89,509.00
45736,0.00,47.04,510.00
45761,0.00,79.60,510.00
45785,0.00,79.60,509.00
45809,0.00,79.60,509.00
45833,0.00,50.20,509.00
45857,0.00,82.80,510.00
45881,0.00,82.80,508.00
45905,0.00,82.80,508.00
45930,2.41,50.67,510.00
45954,103.88,92.06,510.00
45978,103.88,92.06,510.00
46002,103.88,58.38,509.00
46026,41.82,108.46,509.00
46051,41.82,108.46,509.00
46075,76.87,69.23,509.00
46120,76.87,122.67,510.00
46145,38.02,76.28,509.00
46169,38.02,137.92,510.00
46193,95.03,83.23,509.00
46239,47.27,147.23,511.00
46263,47.27,156.67,510.00
46287,101.20,156.67,510.00
46312,101.20,161.05,510.00
46336,50.32,161.05,509.00
46360,116.77,172.69,509.00
46385,116.77,172.69,509.00
46409,59.95,96.62,508.00
46434,139.59,160.81,509.00
46457,139.59,90.45,509.00
46482,67.37,155.70,509.00
46507,145.91,87.31,509.00
46531,68.69,150.09,510.00
46555,139.82,94.39,510.00
46579,139.82,145.35,511.00
46604,62.09,145.35,508.00
46628,124.79,147.41,510.00
46652,124.79,147.41,509.00
46680,64.54,89.34,508.00
46725,146.26,73.16,509.00
46750,60.13,136.51,509.00
46774,113.17,136.51,508.00
46798,113.17,151.58,509.00
46822,58.87,151.58,509.00
46846,131.51,163.97,511.00
46871,131.51,163.97,509.00
46896,58.87,97.07,511.00
46920,137.06,160.81,508.00
46944,137.06,92.51,509.00
46968,61.49,162.44,510.00
46993,123.44,95.04,511.00
47017,123.44,160.29,509.00
47041,58.87,92.72,509.00
47066,124.01,158.76,510.00
47090,124.01,92.50,509.00
47115,59.24,159.78,510.00
47139,119.10,92.48,508.00
47169,119.10,156.94,508.00
47194,59.03,94.51,512.00
47217,124.11,157.63,509.00
47242,124.11,94.54,507.00
47265,59.66,156.25,510.00
47308,126.60,164.55,510.00
47336,61.61,98.67,511.00
47361,136.04,169.57,509.00
47384,136.04,102.57,508.00
47409,63.49,180.03,509.00
47432,142.40,101.87,509.00
47457,142.40,174.91,509.00
47480,65.39,101.23,510.00
47505,144.65,175.15,509.00
47528,144.65,99.75,508.00
47553,62.89,163.29,509.00
47577,126.37,96.48,508.00
47601,126.37,156.02,509.00
47625,126.37,87.51,510.00
47652,35.05,134.10,507.00
47676,35.05,134.10,509.00
47700,35.05,70.49,508.00
47724,50.49,106.72,510.00
47749,50.49,106.72,509.00
47772,50.49,56.89,509.00
47796,50.49,56.89,510.00
47820,50.49,81.03,510.00
47844,50.49,81.03,510.00
47868,50.49,81.03,509.00
47913,50.49,43.77,507.00
47937,50.49,65.87,509.00
47962,50.49,65.87,509.00
47985,50.49,65.87,509.00
48009,50.49,40.44,509.00
48033,50.49,40.44,509.00
48057,9.04,76.27,509.00
48081,103.46,76.27,511.00
48105,103.46,54.57,510.00
48133,103.46,99.69,509.00
48156,47.78,99.69,508.00
48181,102.60,69.14,508.00
48204,102.60,126.75,511.00
48229,48.98,78.70,509.00
48253,112.09,134.29,509.00
48277,112.09,134.29,508.00
48301,112.09,83.63,509.00
48325,52.03,143.62,509.00
48349,114.49,86.77,511.00
48373,114.49,146.28,508.00
48397,56.73,87.30,508.00
48421,126.90,145.89,509.00
48445,126.90,145.89,509.00
48470,59.64,156.54,510.00
48513,127.44,90.12,511.00
48537,62.17,151.70,508.00
48561,138.27,90.19,509.00
48585,138.27,160.12,509.00
48612,61.59,94.24,508.00
48636,131.00,160.43,507.00
48661,131.00,89.92,509.00
48685,64.20,89.92,508.00
48709,130.96,102.57,509.00
48733,130.96,102.57,509.00
48757,52.91,59.71,510.00
48781,117.00,84.73,509.00
48805,117.00,84.73,510.00
48829,117.00,84.73,512.00
48854,49.64,37.85,508.00
48877,87.28,37.85,509.00
48902,87.28,37.85,509.00
48925,87.28,37.85,512.00
48949,87.28,37.90,511.00
48973,37.70,37.90,509.00
48998,71.91,37.90,510.00
49021,71.91,37.90,510.00
49045,71.91,37.90,509.00
49070,71.91,37.90,510.00
49119,32.85,37.90,510.00
49143,67.03,37.90,510.00
49167,67.03,37.90,510.00
49191,67.03,37.90,510.00
49216,35.62,37.90,509.00
49240,35.62,37.90,510.00
49264,83.32,37.90,508.00
49289,83.32,37.90,510.00
49312,83.32,37.90,510.00
49337,39.57,37.90,510.00
49360,90.10,37.90,509.00
49385,90.10,37.90,509.00
49410,90.10,37.90,509.00
49433,48.38,37.90,509.00
49458,116.62,37.90,509.00
49481,116.62,0.00,509.00
49506,54.37,0.00,509.00
49530,125.88,0.00,508.00
49554,125.88,0.00,508.00
49584,60.07,0.00,508.00
49608,142.21,4.46,509.00
49632,142.21,4.46,511.00
49656,70.40,78.97,509.00
49701,80.71,49.76,509.00
49726,190.74,49.76,509.00
49750,88.94,87.74,509.00
49774,197.89,87.74,508.00
49799,94.98,55.15,510.00
49823,94.98,101.00,510.00
49847,67.45,101.00,509.00
49871,199.84,64.26,510.00
49896,86.90,103.23,510.00
49920,129.44,103.23,511.00
49944,129.44,103.23,508.00
49969,61.54,40.49,509.00
49992,152.01,40.49,510.00
50017,152.01,40.49,508.00
50040,70.36,40.49,511.00
50065,123.84,32.67,507.00
50096,60.20,32.67,509.00
50119,163.72,61.81,510.00
50144,163.72,61.81,509.00
50168,77.74,82.59,508.00
50193,152.81,82.59,509.00
50216,152.81,53.56,510.00
50241,56.74,93.89,510.00
50266,83.78,93.89,509.00
50312,83.78,53.60,508.00
50335,83.78,70.90,509.00
50360,83.78,70.90,507.00
50384,83.78,70.90,508.00
50408,19.99,70.90,508.00
50433,19.99,36.06,511.00
50456,19.99,36.06,510.00
50481,19.99,55.20,508.00
50505,19.99,55.20,508.00
50529,19.99,55.20,512.00
50553,19.99,55.20,510.00
50581,19.99,55.20,509.00
50605,19.99,26.18,511.00
50629,19.99,26.18,509.00
50654,19.99,48.11,509.00
50677,19.99,48.11,510.00
50702,19.99,48.11,509.00
50726,9.74,48.11,510.00
50750,9.74,35.89,510.00
50775,9.74,82.36,510.00
50798,49.51,82.36,512.00
50823,88.13,62.83,512.00
50847,88.13,114.31,508.00
50871,88.13,114.31,510.00
50918,102.14,124.79,509.00
50941,102.14,124.79,509.00
50966,102.14,137.69,508.00
50991,50.50,137.69,512.00
51014,109.08,81.65,509.00
51039,109.08,144.70,511.00
51069,54.43,85.31,509.00
51094,116.19,150.36,509.00
51118,116.19,91.07,511.00
51142,56.56,155.18,510.00
51166,122.03,89.69,509.00
51190,122.03,89.69,509.00
51214,60.27,103.58,511.00
51238,128.58,103.58,508.00
51262,128.58,52.01,510.00
51287,52.59,52.01,510.00
51310,52.59,76.37,509.00
51335,98.91,76.37,510.00
51358,98.91,76.37,509.00
51382,98.91,32.75,508.00
51406,41.40,32.75,510.00
51430,82.49,32.75,511.00
51454,82.49,32.75,510.00
51497,82.49,31.77,511.00
51525,37.91,31.77,510.00
51550,88.62,31.77,509.00
51577,88.62,31.77,510.00
51601,88.62,31.77,511.00
51625,37.62,31.77,510.00
51650,93.42,31.77,511.00
51674,93.42,31.77,510.00
51698,93.42,31.77,509.00
51723,44.98,31.77,509.00
51747,100.32,31.77,510.00
51771,100.32,31.77,509.00
51795,100.32,31.77,512.00
51819,47.43,31.77,509.00
51844,113.77,31.77,511.00
51868,113.77,31.77,510.00
51892,53.87,31.77,509.00
51916,121.95,31.77,511.00
51941,121.95,31.77,508.00
51964,121.95,31.77,510.00
51989,57.00,31.77,509.00
52014,129.87,31.77,509.00
52040,59.62,31.77,510.00
52065,135.26,0.00,510.00
52110,135.26,0.00,508.00
52134,60.14,0.00,510.00
52158,128.38,0.00,508.00
52183,66.14,0.00,510.00
52206,149.79,0.00,509.00
52231,149.79,0.00,510.00
52254,65.21,0.00,508.00
52279,115.69,0.00,510.00
52303,115.69,0.00,508.00
52327,115.69,0.00,509.00
52352,54.51,0.00,510.00
52375,116.79,0.00,509.00
52400,116.79,0.00,510.00
52423,54.21,0.00,508.00
52448,130.32,0.00,510.00
52471,130.32,0.00,509.00
52496,59.23,0.00,509.00
52519,121.95,0.00,509.00
52550,121.95,0.00,510.00
52574,62.35,0.00,509.00
52597,138.38,0.00,509.00
52622,70.07,0.00,508.00
52645,147.06,0.00,510.00
52688,70.40,0.00,510.00
52716,159.88,0.00,510.00
52740,159.88,0.00,508.00
52764,157.89,0.00,510.00
52789,157.89,0.00,509.00
52812,74.80,0.00,509.00
52837,165.38,0.00,509.00
52860,165.38,0.00,509.00
52885,165.31,0.00,509.00
52910,165.31,0.00,511.00
52933,74.36,0.00,509.00
52958,167.45,0.00,510.00
52981,75.18,0.00,509.00
53006,179.81,0.00,509.00
53029,179.81,0.00,510.00
53057,173.21,0.00,508.00
53082,173.21,0.00,507.00
53105,77.44,0.00,509.00
53130,169.64,0.00,510.00
53153,79.39,0.00,510.00
53178,180.85,0.00,510.00
53201,81.68,0.00,509.00
53226,178.91,1.72,509.00
53251,89.07,1.72,510.00
53297,188.02,90.09,508.00
53320,197.47,56.74,509.00
53345,197.47,101.00,508.00
53369,195.52,101.00,510.00
53393,195.52,101.00,510.00
53417,93.30,49.97,509.00
53442,66.78,86.26,509.00
53466,66.78,86.26,509.00
53490,66.34,57.44,509.00
53515,66.34,100.82,511.00
53541,63.87,100.82,510.00
53566,63.87,58.51,511.00
53591,67.76,58.51,511.00
53615,67.76,99.31,509.00
53639,65.10,99.31,507.00
53663,65.10,57.51,508.00
53688,66.40,89.02,511.00
53712,66.90,89.02,508.00
53737,66.90,63.53,509.00
53761,70.03,114.70,509.00
53785,70.03,114.70,510.00
53810,68.60,67.23,510.00
53833,68.60,110.96,509.00
53858,69.35,110.96,510.00
53903,69.53,114.49,509.00
53927,69.53,114.49,508.00
53952,68.46,67.09,510.00
53976,68.08,110.41,509.00
54000,68.08,110.41,509.00
54025,67.71,67.96,508.00
54070,66.80,116.68,509.00
54094,66.80,68.19,509.00
54119,68.13,113.71,509.00
54144,68.13,113.71,509.00
54167,68.34,69.08,509.00
54192,68.34,116.79,509.00
54216,68.25,116.79,510.00
54241,69.50,70.24,510.00
54264,69.50,119.54,510.00
54289,69.44,68.45,509.00
54313,69.44,68.45,509.00
54338,70.60,112.99,509.00
54362,70.60,66.57,510.00
54386,69.29,119.62,508.00
54411,69.29,119.62,509.00
54435,66.64,67.97,508.00
54460,68.76,116.51,509.00
54502,65.37,63.92,509.00
54530,197.63,106.70,510.00
54560,90.34,106.70,510.00
54585,183.96,74.53,508.00
54608,89.30,115.24,511.00
54633,186.94,115.24,510.00
54658,85.00,67.71,512.00
54681,179.73,105.06,507.00
54706,179.73,105.06,508.00
54729,65.40,59.95,510.00
54754,128.21,92.11,509.00
54777,128.21,92.11,509.00
54802,128.21,92.11,510.00
54825,45.55,50.55,508.00
54850,65.88,50.55,510.00
54874,65.88,68.90,510.00
54898,65.88,68.90,510.00
54922,65.88,68.90,509.00
54946,65.88,32.74,510.00
54970,65.88,32.74,509.00
54994,65.88,32.74,510.00
55021,65.88,47.17,510.00
55046,65.88,47.17,508.00
55089,65.88,47.17,509.00
55116,65.88,29.97,510.00
55141,65.88,29.97,509.00
55164,65.88,29.97,509.00
55189,65.88,38.68,509.00
55213,65.88,38.68,508.00
55237,65.88,38.68,510.00
55262,65.88,38.68,509.00
55285,65.88,38.68,509.00
55310,65.88,25.09,509.00
55334,65.88,25.09,508.00
55358,65.88,25.09,508.00
55383,65.88,40.95,509.00
55407,0.00,40.95,509.00
55431,0.00,40.95,511.00
55455,0.00,40.95,509.00
55479,0.00,40.95,509.00
55503,0.00,27.75,509.00
55533,0.00,27.75,510.00
55557,0.00,27.75,510.00
55581,0.00,40.80,510.00
55605,0.00,40.80,510.00
55628,0.00,40.80,509.00
55653,0.00,40.80,508.00
55698,0.00,29.30,510.00
55721,0.00,62.28,507.00
55746,3.38,62.28,509.00
55771,3.38,62.28,509.00
55794,76.00,43.13,508.00
55819,76.00,86.64,509.00
55843,76.00,86.64,510.00
55867,36.54,86.64,509.00
55891,85.66,58.01,509.00
55916,85.66,106.69,510.00
55941,85.66,106.69,510.00
55965,85.66,67.69,509.00
55989,40.85,122.91,509.00
56013,96.10,76.51,509.00
56041,96.10,136.71,509.00
56066,48.57,81.69,509.00
56089,109.73,141.48,510.00
56114,109.73,141.48,509.00
56138,109.73,85.75,509.00
56163,53.73,148.31,509.00
56186,107.57,87.43,511.00
56211,107.57,145.55,510.00
56236,107.57,79.02,509.00
56260,107.57,121.56,509.00
56305,24.02,63.42,510.00
56330,24.02,63.42,510.00
56354,24.02,102.59,510.00
56378,24.02,102.59,508.00
56402,24.02,53.50,509.00
56427,24.02,80.81,510.00
56451,24.02,80.81,510.00
56475,24.02,80.81,510.00
56500,24.02,46.78,508.00
56527,24.02,84.27,512.00
56551,24.02,84.27,510.00
56576,24.02,84.27,512.00
56600,24.02,49.21,510.00
56624,24.02,83.15,509.00
56648,9.07,83.15,510.00
56673,9.07,83.15,509.00
56696,54.51,55.65,510.00
56721,114.02,104.02,507.00
56745,114.02,104.02,510.00
56769,50.39,66.89,510.00
56794,108.04,114.50,509.00
56818,108.04,0.00,508.00
56842,108.04,130.14,511.00
56866,47.44,130.14,509.00
56912,100.58,138.35,508.00
56936,100.58,84.68,510.00
56961,54.23,142.53,509.00
56985,122.31,142.53,512.00
57016,122.31,145.97,512.00
57040,52.65,145.97,508.00
57064,113.33,153.15,509.00
57089,113.33,153.15,508.00
57112,56.19,91.37,509.00
57137,120.25,154.96,509.00
57160,120.25,91.91,509.00
57185,54.48,150.63,509.00
57208,128.73,86.37,510.00
57233,128.73,152.35,510.00
57257,59.09,90.72,509.00
57281,59.09,152.63,510.00
57306,120.31,152.63,510.00
57329,120.31,155.44,508.00
57353,56.23,155.44,511.00
57377,119.48,91.60,510.00
57402,119.48,155.70,508.00
57425,58.96,91.78,510.00
57450,125.38,156.54,509.00
57498,60.43,163.65,510.00
57523,134.48,91.45,510.00
57546,134.48,108.01,509.00
57571,59.60,108.01,510.00
57594,117.00,59.46,509.00
57619,117.00,59.46,508.00
57643,117.00,79.24,509.00
57667,47.00,79.24,509.00
57691,95.48,79.24,510.00
57715,95.48,79.24,510.00
57739,95.48,30.16,510.00
57763,39.28,30.16,508.00
57787,39.28,30.16,511.00
57811,77.56,30.16,510.00
57835,77.56,30.16,511.00
57860,77.56,25.23,509.00
57883,77.56,25.23,509.00
57908,32.01,25.23,509.00
57931,67.95,25.23,509.00
57970,67.95,25.23,510.00
57995,67.95,25.23,508.00
58018,67.95,25.23,508.00
58043,30.41,25.23,511.00
58086,69.11,25.23,509.00
58109,69.11,25.23,509.00
58134,69.11,25.23,509.00
58158,39.15,25.23,509.00
58182,111.92,9.60,512.00
58207,111.92,102.94,509.00
58230,58.75,102.94,509.00
58255,138.63,57.76,513.00
58278,138.63,97.02,510.00
58303,70.77,97.02,510.00
58328,162.06,61.30,510.00
58351,76.71,118.54,510.00
58376,169.95,118.54,510.00
58399,169.95,73.86,510.00
58424,72.42,132.56,511.00
58448,140.42,93.32,509.00
58475,140.42,145.15,509.00
58500,61.55,145.15,510.00
58523,116.23,79.07,508.00
58548,116.23,127.92,509.00
58571,116.23,73.18,511.00
58596,42.57,127.08,512.00
58620,81.41,127.08,509.00
58644,81.41,71.10,510.00
58690,43.95,109.62,509.00
58715,92.10,109.62,511.00
58738,92.10,49.66,510.00
58763,92.10,49.66,511.00
58786,92.10,49.66,508.00
58811,34.42,43.39,510.00
58835,34.42,43.39,509.00
58860,50.12,43.39,510.00
58884,50.12,43.39,508.00
58908,50.12,27.23,510.00
58933,51.86,27.23,510.00
58959,127.12,83.37,510.00
58984,127.12,83.37,510.00
59009,46.31,52.12,510.00
59032,46.31,92.28,508.00
59057,46.31,92.28,510.00
59081,40.66,92.28,511.00
59105,40.66,47.96,511.00
59129,40.66,47.96,510.00
59154,40.66,66.61,510.00
59177,40.66,66.61,510.00
59202,40.66,66.61,510.00
59227,40.66,66.61,510.00
59250,40.66,31.71,511.00
59296,40.66,49.55,511.00
59321,40.66,49.55,509.00
59344,40.66,49.55,511.00
59369,40.66,49.55,510.00
59394,40.66,49.55,509.00
59417,40.66,27.83,510.00
59442,40.66,27.83,511.00
59469,40.66,48.81,509.00
59493,40.66,48.81,511.00
59517,40.66,48.81,508.00
59542,40.66,48.81,508.00
59566,40.66,30.56,511.00
59590,40.66,30.56,512.00
59615,40.66,30.56,511.00
59638,40.66,39.35,508.00
59663,0.00,39.35,511.00
59686,0.00,39.35,511.00
59711,0.00,39.35,509.00
59735,0.00,39.35,511.00
59759,0.00,39.35,511.00
59783,0.00,21.23,509.00
59807,0.00,21.23,509.00
59831,0.00,21.23,510.00
59855,0.00,43.51,510.00
59901,0.00,43.51,509.00
59925,0.00,43.51,510.00
59950,0.00,31.01,509.00
59979,0.00,31.01,508.00
60004,0.00,54.71,510.00
60027,0.00,54.71,509.00
60052,0.00,54.71,508.00
60076,0.00,54.71,509.00
60099,0.00,36.06,510.00
60124,0.00,36.06,510.00
60147,0.00,58.90,509.00
60171,0.00,58.90,510.00
60195,0.00,58.90,510.00
60219,0.00,37.02,511.00
60243,0.00,37.02,509.00
60267,0.00,67.40,509.00
60291,0.00,67.40,510.00
60315,0.00,67.40,510.00
60339,0.00,42.09,509.00
60363,0.00,84.25,510.00
60387,2.31,84.25,508.00
60411,2.31,58.80,509.00
60435,75.11,58.80,510.00
60484,75.11,70.27,510.00
60509,75.11,120.27,509.00
60532,75.11,120.27,510.00
60557,75.11,68.81,511.00
60581,20.27,118.61,510.00
60606,132.21,118.61,510.00
60630,132.21,71.46,510.00
60654,51.65,122.29,510.00
60679,95.60,78.35,509.00
60702,95.60,132.79,508.00
60727,95.60,132.79,510.00
60751,47.43,82.09,509.00
60776,47.43,135.48,511.00
60801,66.45,82.86,510.00
60824,66.45,133.14,508.00
60849,66.45,133.14,510.00
60873,66.45,70.67,510.00
60897,66.45,102.68,510.00
60921,66.45,102.68,508.00
60949,66.45,58.28,508.00
60974,66.45,95.52,509.00
60997,66.45,95.52,510.00
61022,66.45,95.52,511.00
61045,66.45,54.39,510.00
61092,66.45,92.08,510.00
61116,66.45,55.16,510.00
61140,66.45,55.16,510.00
61165,8.27,92.63,510.00
61189,92.55,92.63,510.00
61213,92.55,64.64,510.00
61238,92.55,123.17,509.00
61262,43.62,76.51,510.00
61286,96.62,136.49,510.00
61310,96.62,136.49,509.00
61335,96.62,81.76,510.00
61359,47.20,140.29,511.00
61383,109.31,85.56,510.00
61408,109.31,147.09,510.00
61432,50.65,87.75,510.00
61459,112.80,146.57,510.00
61484,112.80,89.24,510.00
61508,112.80,152.59,509.00
61533,52.81,152.59,512.00
61556,124.40,151.55,511.00
61581,124.40,151.55,511.00
61605,53.79,90.81,510.00
61630,121.30,158.09,510.00
61655,121.30,93.25,511.00
61700,123.60,95.85,508.00
61724,123.60,173.45,510.00
61748,59.79,99.84,510.00
61772,141.94,172.06,510.00
61797,141.94,99.05,509.00
61821,66.53,171.19,509.00
61845,148.02,100.09,510.00
61870,148.02,170.69,511.00
61894,66.43,102.46,511.00
61940,139.93,100.15,510.00
61964,65.39,169.80,510.00
61988,140.19,100.97,510.00
62013,140.19,164.65,510.00
62038,136.66,99.58,509.00
62062,136.66,161.36,510.00
62086,64.77,94.98,509.00
62110,143.57,161.05,510.00
62135,143.57,97.05,511.00
62159,65.29,168.12,508.00
62184,137.51,96.48,508.00
62209,137.51,165.16,510.00
62233,67.27,94.27,511.00
62257,145.10,165.20,509.00
62300,64.90,168.27,509.00
62327,155.02,100.21,510.00
62352,69.48,174.38,510.00
62376,142.97,101.43,511.00
62401,142.97,175.23,510.00
62429,68.91,171.55,511.00
62452,145.21,171.55,510.00
62477,68.08,172.22,509.00
62501,136.96,172.22,508.00
62526,136.96,164.26,510.00
62551,68.15,164.26,511.00
62574,149.11,173.25,509.00
62599,149.11,173.25,511.00
62623,66.28,175.36,511.00
62648,143.02,102.46,510.00
62672,68.61,182.22,511.00
62696,153.91,102.43,510.00
62721,153.91,173.09,511.00
62745,70.74,90.73,506.00
62770,155.54,90.73,509.00
62794,155.54,99.72,509.00
62818,63.48,99.72,510.00
62842,117.11,57.64,509.00
62867,117.11,81.41,509.00
62918,109.31,81.41,509.00
62942,109.31,81.41,510.00
62965,109.31,33.56,509.00
62990,41.92,33.56,508.00
63013,41.92,33.56,509.00
63038,93.05,33.56,508.00
63062,93.05,31.32,508.00
63086,93.05,31.32,509.00
63110,40.77,31.32,509.00
63134,78.05,31.32,511.00
63158,78.05,31.32,509.00
63182,78.05,31.32,511.00
63206,39.56,31.32,510.00
63230,39.56,31.32,508.00
63254,94.84,31.32,509.00
63279,94.84,31.32,509.00
63302,46.31,31.32,508.00
63327,46.31,10.75,510.00
63350,109.43,10.75,510.00
63378,63.00,78.03,508.00
63401,142.97,78.03,509.00
63426,142.97,53.53,511.00
63451,69.23,53.53,511.00
63496,147.20,98.40,509.00
63520,174.05,55.87,509.00
63545,174.05,96.53,508.00
63569,80.13,96.53,509.00
63594,178.40,60.75,511.00
63618,85.40,105.17,511.00
63642,186.75,105.17,508.00
63667,89.91,57.10,509.00
63691,89.91,57.10,509.00
63716,63.48,110.73,510.00
63739,63.48,70.10,508.00
63764,67.17,116.41,510.00
63789,67.17,116.41,509.00
63813,66.07,72.17,510.00
63838,66.07,123.78,509.00
63861,184.96,123.78,511.00
63889,184.96,71.43,510.00
63913,0.00,119.12,509.00
63938,0.00,119.12,511.00
63962,0.00,65.95,510.00
63986,55.10,99.04,509.00
64011,86.96,99.04,509.00
64034,86.96,54.12,512.00
64059,86.96,54.12,510.00
64106,86.96,75.35,509.00
64130,86.96,75.35,511.00
64154,86.96,37.75,509.00
64179,86.96,37.75,508.00
64202,86.96,37.75,510.00
64227,86.96,47.95,509.00
64251,86.96,47.95,509.00
64275,86.96,47.95,510.00
64300,86.96,47.95,509.00
64324,86.96,28.55,511.00
64348,86.96,28.55,510.00
64377,86.96,28.55,510.00
64402,86.96,45.25,509.00
64425,86.96,45.25,511.00
64450,86.96,45.25,510.00
64474,86.96,45.25,510.00
64498,86.96,29.25,511.00
64522,86.96,29.25,510.00
64546,86.96,29.25,510.00
64570,86.96,46.16,509.00
64594,86.96,46.16,509.00
64618,0.00,46.16,510.00
64642,0.00,46.16,510.00
64685,0.00,29.29,509.00
64712,0.00,60.58,509.00
64736,0.00,60.58,510.00
64760,0.00,60.58,509.00
64784,0.00,38.19,509.00
64807,0.00,38.19,509.00
64832,0.00,72.41,510.00
64856,0.00,72.41,511.00
64883,3.43,49.00,510.00
64907,130.71,49.00,509.00
64931,130.71,99.65,510.00
64955,54.24,99.65,510.00
64979,54.24,63.75,507.00
65003,116.77,119.73,509.00
65028,116.77,73.66,510.00
65051,50.82,128.87,509.00
65076,87.99,128.87,509.00
65099,87.99,80.71,509.00
65124,87.99,135.55,509.00
65147,44.48,84.61,512.00
65172,104.27,142.94,511.00
65196,104.27,142.94,510.00
65220,104.27,143.65,510.00
65244,46.65,143.65,510.00
65290,108.65,146.26,509.00
65314,108.65,84.47,510.00
65339,49.98,122.93,507.00
65366,97.53,122.93,510.00
65390,97.53,122.93,510.00
65414,97.53,51.14,510.00
65438,41.09,51.14,509.00
65462,41.09,54.47,510.00
65486,81.83,54.47,511.00
65510,81.83,54.47,509.00
65534,81.83,54.47,509.00
65558,36.24,54.47,509.00
65583,36.24,54.47,510.00
65606,70.28,54.47,509.00
65630,70.28,54.47,509.00
65654,70.28,54.47,509.00
65678,70.28,54.47,510.00
65702,29.98,54.47,508.00
65726,29.98,54.47,510.00
65751,68.23,54.47,510.00
65774,68.23,54.47,510.00
65799,68.23,54.47,508.00
65822,37.27,54.47,510.00
65881,93.20,54.47,510.00
65905,93.20,54.47,508.00
65929,46.62,54.47,508.00
65953,106.90,54.47,510.00
65977,106.90,54.47,509.00
66001,106.90,54.47,509.00
66025,42.73,5.30,510.00
66050,42.73,5.30,509.00
66073,42.73,75.29,510.00
66098,42.73,75.29,508.00
66121,42.73,75.29,509.00
66146,42.73,39.74,509.00
66169,42.73,39.74,509.00
66194,42.73,56.21,510.00
66217,42.73,56.21,511.00
66242,42.73,56.21,510.00
66266,42.73,56.21,509.00
66290,42.73,56.21,509.00
66314,42.73,24.28,509.00
66338,9.36,24.28,511.00
66366,9.36,24.28,509.00
66390,9.36,24.28,509.00
66413,35.78,24.28,510.00
66438,35.78,24.28,509.00
66485,51.19,24.28,511.00
66508,51.19,24.28,509.00
66533,51.19,24.28,509.00
66557,51.19,12.71,510.00
66581,51.19,12.71,512.00
66606,51.19,12.71,510.00
66629,51.19,40.80,510.00
66654,51.19,40.80,509.00
66678,51.19,40.80,508.00
66702,14.01,40.80,509.00
66726,14.01,40.80,511.00
66751,61.37,40.80,510.00
66776,61.37,40.80,508.00
66799,61.37,40.80,510.00
66824,61.37,40.80,509.00
66851,61.37,40.80,507.00
66875,23.77,40.80,509.00
66899,23.77,40.80,510.00
66923,23.77,40.80,509.00
66948,41.08,9.60,509.00
66972,41.08,9.60,510.00
66997,41.08,9.60,510.00
67020,41.08,42.66,511.00
67045,41.08,42.66,509.00
67091,41.08,54.21,511.00
67115,41.08,54.21,510.00
67139,41.08,54.21,509.00
67163,41.08,54.21,509.00
67187,41.08,54.21,510.00
67212,11.34,54.21,509.00
67236,11.34,54.21,509.00
67260,11.34,54.21,511.00
67284,11.34,54.21,508.00
67308,11.34,54.21,509.00
67333,11.34,54.21,511.00
67363,11.34,54.21,509.00
67387,11.34,54.21,510.00
67411,11.34,54.21,508.00
67435,11.34,54.21,509.00
67460,11.34,54.21,510.00
67483,11.34,54.21,510.00
67508,11.34,54.21,509.00
67531,11.34,54.21,509.00
67556,11.34,54.21,511.00
67579,11.34,54.21,509.00
67603,11.34,0.00,510.00
67628,11.34,0.00,509.00
67670,11.34,0.00,510.00
67698,11.34,0.00,510.00
67722,0.00,0.00,509.00
67746,0.00,0.00,510.00
67770,0.00,0.00,510.00
67793,0.00,0.00,509.00
67818,0.00,0.00,509.00
67842,0.00,0.00,509.00
67869,0.00,0.00,509.00
67893,0.00,0.00,509.00
67917,0.00,0.00,509.00
67941,0.00,0.00,511.00
67965,0.00,0.00,510.00
67989,0.00,0.00,509.00
68014,0.00,0.00,509.00
68037,0.00,0.00,509.00
68061,0.00,0.00,510.00
68085,0.00,0.00,510.00
68109,0.00,0.00,509.00
68133,0.00,0.00,511.00
68157,0.00,0.00,511.00
68182,0.00,0.00,509.00
68205,0.00,0.00,509.00
68230,0.00,0.00,510.00
68275,0.00,0.00,509.00
68298,0.00,0.00,510.00
68323,0.00,0.00,509.00
68346,0.00,0.00,510.00
68371,0.00,0.00,510.00
68395,0.00,0.00,510.00
68422,0.00,0.00,510.00
68446,0.00,0.00,510.00
68469,0.00,0.00,509.00
68494,0.00,0.00,509.00
68517,0.00,0.00,509.00
68542,0.00,0.00,509.00
68566,0.00,0.00,508.00
68590,0.00,0.00,510.00
68614,0.00,0.00,508.00
68638,0.00,0.00,509.00
68662,0.00,0.00,509.00
68686,0.00,0.00,508.00
68710,0.00,0.00,509.00
68733,0.00,0.00,510.00
68758,0.00,0.00,509.00
68782,0.00,0.00,510.00
68806,0.00,0.00,509.00
68830,0.00,0.00,510.00
68875,0.00,0.00,510.00
68898,0.00,0.00,510.00
68923,0.00,0.00,509.00
68950,0.00,0.00,509.00
68974,0.00,0.00,510.00
68998,0.00,0.00,510.00
69022,0.00,0.00,509.00
69046,0.00,0.00,510.00
69070,0.00,0.00,509.00
69094,0.00,0.00,508.00
69118,0.00,0.00,509.00
69142,0.00,0.00,510.00
69166,0.00,0.00,510.00
69190,0.00,0.00,510.00
69214,0.00,0.00,510.00
69238,0.00,0.00,511.00
69262,0.00,0.00,510.00
69286,0.00,0.00,511.00
69310,0.00,0.00,511.00
69335,0.00,0.00,509.00
69358,0.00,0.00,508.00
69382,0.00,0.00,510.00
69406,0.00,0.00,510.00
69430,0.00,0.00,510.00
69482,0.00,0.00,509.00
69506,0.00,0.00,510.00
69530,0.00,0.00,510.00
69554,0.00,0.00,510.00
69577,0.00,0.00,510.00
69601,0.00,0.00,508.00
69625,0.00,0.00,511.00
69649,0.00,0.00,509.00
69672,0.00,0.00,509.00
69696,0.00,0.00,510.00
69721,0.00,0.00,511.00
69744,0.00,0.00,508.00
69768,0.00,0.00,510.00
69792,0.00,0.00,509.00
69816,0.00,0.00,511.00
69839,0.00,0.00,511.00
69863,0.00,0.00,509.00
69888,0.00,0.00,509.00
69911,0.00,0.00,511.00
69935,0.00,0.00,509.00
69958,0.00,0.00,510.00
69983,0.00,0.00,509.00
70044,0.00,0.00,510.00
70087,0.00,0.00,511.00
70112,0.00,0.00,509.00
70135,0.00,0.00,509.00
70159,0.00,0.00,510.00
70182,0.00,0.00,510.00
70207,0.00,0.00,509.00
70231,0.00,0.00,509.00
70254,0.00,0.00,509.00
70279,0.00,0.00,509.00
70302,0.00,0.00,510.00
70326,0.00,0.00,510.00
70350,0.00,0.00,509.00
70374,0.00,0.00,510.00
70397,0.00,0.00,509.00
70421,0.00,0.00,510.00
70446,0.00,0.00,509.00
70469,0.00,0.00,510.00
70493,0.00,0.00,511.00
70517,0.00,0.00,509.00
70541,0.00,0.00,510.00
70567,0.00,0.00,510.00
70592,0.00,0.00,508.00
70616,0.00,0.00,510.00
70639,0.00,0.00,509.00
70684,0.00,0.00,510.00
70709,0.00,0.00,510.00
70732,0.00,0.00,512.00
70757,0.00,0.00,510.00
70780,0.00,0.00,510.00
70805,0.00,0.00,511.00
70829,0.00,0.00,509.00
70853,0.00,0.00,509.00
70877,0.00,0.00,510.00
70900,0.00,0.00,509.00
70925,0.00,0.00,509.00
70948,0.00,0.00,510.00
70973,0.00,0.00,510.00
70996,0.00,0.00,512.00
71021,0.00,0.00,509.00
71045,0.00,0.00,509.00
71069,0.00,0.00,511.00
71096,0.00,0.00,510.00
71120,0.00,0.00,512.00
71144,0.00,0.00,511.00
71169,0.00,0.00,509.00
71192,0.00,0.00,509.00
71216,0.00,0.00,509.00
71240,0.00,0.00,511.00
71284,0.00,0.00,509.00
71309,0.00,0.00,509.00
71332,0.00,0.00,508.00
71357,0.00,0.00,508.00
71380,0.00,0.00,510.00
71405,0.00,0.00,509.00
71429,0.00,0.00,509.00
71453,0.00,0.00,509.00
71477,0.00,0.00,511.00
71501,0.00,0.00,509.00
71525,0.00,0.00,511.00
71548,0.00,0.00,511.00
71573,0.00,0.00,509.00
71597,0.00,0.00,510.00
71621,0.00,0.00,508.00
71649,0.00,0.00,508.00
71672,0.00,0.00,509.00
71696,0.00,0.00,509.00
71720,0.00,0.00,508.00
71744,0.00,0.00,509.00
71769,0.00,0.00,510.00
71792,0.00,0.00,508.00
71817,0.00,0.00,511.00
71840,0.00,0.00,508.00
71886,0.00,0.00,508.00
71911,0.00,0.00,508.00
71934,0.00,0.00,510.00
71958,0.00,0.00,511.00
71983,0.00,0.00,509.00
72006,0.00,0.00,509.00
72031,0.00,0.00,510.00
72054,0.00,0.00,508.00
72079,0.00,0.00,510.00
72102,0.00,0.00,509.00
72127,0.00,0.00,509.00
72151,0.00,0.00,511.00
72181,0.00,0.00,510.00
72205,0.00,0.00,510.00
72229,0.00,0.00,512.00
72253,0.00,0.00,511.00
72276,0.00,0.00,509.00
72301,0.00,0.00,510.00
72325,0.00,0.00,511.00
72348,0.00,0.00,509.00
72372,0.00,0.00,509.00
72396,0.00,0.00,510.00
72420,0.00,0.00,509.00
72461,0.00,0.00,510.00
72488,0.00,0.00,510.00
72512,0.00,0.00,510.00
72536,0.00,0.00,509.00
72560,0.00,0.00,510.00
72584,0.00,0.00,509.00
72607,0.00,0.00,510.00
72631,0.00,0.00,509.00
72655,0.00,0.00,509.00
72679,0.00,0.00,510.00
72706,0.00,0.00,508.00
72730,0.00,0.00,510.00
72754,0.00,0.00,509.00
72777,0.00,0.00,509.00
72801,0.00,0.00,510.00
72825,0.00,0.00,509.00
72849,0.00,0.00,511.00
72872,0.00,0.00,509.00
72896,0.00,0.00,509.00
72921,0.00,0.00,510.00
72944,0.00,0.00,509.00
72968,0.00,0.00,509.00
72992,0.00,0.00,509.00
73016,0.00,0.00,508.00
73059,0.00,0.00,510.00
73082,0.00,0.00,508.00
73106,0.00,0.00,509.00
73131,0.00,0.00,509.00
73154,0.00,0.00,510.00
73178,0.00,0.00,509.00
73201,0.00,0.00,511.00
73226,0.00,0.00,509.00
73252,0.00,0.00,510.00
73276,0.00,0.00,509.00
73300,0.00,0.00,510.00
73324,0.00,0.00,509.00
73348,0.00,0.00,509.00
73371,0.00,0.00,510.00
73396,0.00,0.00,509.00
73419,0.00,0.00,510.00
73443,0.00,0.00,509.00
73466,0.00,0.00,510.00
73491,0.00,0.00,510.00
73515,0.00,0.00,508.00
73538,0.00,0.00,511.00
73563,0.00,0.00,509.00
73586,0.00,0.00,509.00
73610,0.00,0.00,509.00
73656,0.00,0.00,510.00
73679,0.00,0.00,509.00
73704,0.00,0.00,509.00
73728,0.00,0.00,509.00
73752,0.00,0.00,510.00
73783,0.00,0.00,511.00
73806,0.00,0.00,509.00
73830,0.00,0.00,510.00
73853,0.00,0.00,510.00
73878,0.00,0.00,511.00
73902,0.00,0.00,509.00
73925,0.00,0.00,508.00
73950,0.00,0.00,509.00
73973,0.00,0.00,509.00
73997,0.00,0.00,510.00
74020,0.00,0.00,508.00
74045,0.00,0.00,509.00
74068,0.00,0.00,509.00
74092,0.00,0.00,509.00
74116,0.00,0.00,510.00
74140,0.00,0.00,512.00
74164,0.00,0.00,511.00
74187,0.00,0.00,509.00
74229,0.00,0.00,511.00
74268,0.00,0.00,509.00
74292,0.00,0.00,510.00
74332,0.00,0.00,510.00
74355,0.00,0.00,509.00
74380,0.00,0.00,510.00
74403,0.00,0.00,508.00
74428,0.00,0.00,510.00
74451,0.00,0.00,510.00
74476,0.00,0.00,509.00
74500,0.00,0.00,510.00
74524,0.00,0.00,509.00
74548,0.00,0.00,508.00
74572,0.00,0.00,511.00
74596,0.00,0.00,510.00
74620,0.00,0.00,507.00
74644,0.00,0.00,509.00
74669,0.00,0.00,511.00
74692,0.00,0.00,509.00
74716,0.00,0.00,510.00
74740,0.00,0.00,509.00
74764,0.00,0.00,508.00
74788,0.00,0.00,510.00
74830,0.00,0.00,509.00
74858,0.00,0.00,512.00
74885,0.00,0.00,508.00
74909,0.00,0.00,509.00
74933,0.00,0.00,509.00
74956,0.00,0.00,509.00
74981,0.00,0.00,508.00
75004,0.00,0.00,509.00
75029,0.00,0.00,510.00
75053,0.00,0.00,509.00
75077,0.00,0.00,510.00
75101,0.00,0.00,510.00
75125,0.00,0.00,509.00
75149,0.00,0.00,511.00
75173,0.00,0.00,508.00
75197,0.00,0.00,510.00
75222,0.00,0.00,509.00
75245,0.00,0.00,509.00
75270,0.00,0.00,510.00
75293,0.00,0.00,511.00
75318,0.00,0.00,509.00
75341,0.00,0.00,509.00
75365,0.00,0.00,510.00
75413,0.00,0.00,509.00
75441,0.00,0.00,510.00
75464,0.00,0.00,510.00
75489,0.00,0.00,509.00
75512,0.36,0.00,508.00
75537,0.36,0.00,510.00
75560,0.36,0.00,508.00
75585,0.36,0.00,510.00
75609,0.36,0.00,508.00
75633,0.36,0.00,510.00
75657,0.36,0.00,510.00
75681,0.36,0.00,511.00
75706,15.90,0.00,509.00
75729,97.13,0.00,508.00
75754,97.13,0.35,510.00
75779,97.13,129.27,510.00
75803,42.58,80.74,510.00
75827,100.85,80.74,509.00
75851,100.85,80.69,509.00
75876,100.85,80.69,509.00
75900,100.85,54.05,509.00
75928,35.83,54.05,509.00
75952,59.76,79.46,508.00
75976,59.76,79.46,508.00
76021,53.56,79.46,509.00
76046,78.06,79.46,510.00
76070,78.06,79.46,509.00
76094,78.06,79.46,507.00
76119,78.06,79.46,509.00
76143,32.10,79.46,509.00
76168,32.10,79.46,509.00
76191,72.90,79.46,509.00
76216,72.90,79.46,511.00
76240,72.90,79.46,509.00
76264,36.95,79.46,510.00
76289,36.95,79.46,510.00
76313,97.30,79.46,510.00
76337,97.30,7.70,509.00
76361,54.49,72.61,509.00
76386,149.31,72.61,510.00
76413,70.68,72.61,509.00
76438,173.93,45.55,509.00
76463,173.93,83.94,509.00
76486,181.82,83.94,508.00
76511,181.82,83.94,512.00
76535,187.27,50.94,510.00
76560,187.27,101.02,510.00
76584,199.89,101.02,508.00
76631,93.11,116.73,508.00
76654,93.11,116.73,509.00
76679,62.92,70.72,508.00
76703,176.26,142.21,509.00
76728,63.80,142.21,510.00
76751,63.80,131.16,509.00
76776,79.63,131.16,511.00
76801,79.63,66.47,508.00
76825,79.63,66.47,511.00
76850,79.63,99.08,511.00
76873,79.63,99.08,508.00
76901,79.63,51.38,510.00
76925,79.63,77.78,509.00
76950,79.63,77.78,512.00
76974,79.63,77.78,509.00
76998,79.63,77.78,508.00
77023,79.63,77.78,509.00
77046,79.63,27.84,510.00
77071,79.63,27.84,509.00
77095,79.63,27.84,509.00
77119,79.63,44.02,511.00
77144,79.63,44.02,509.00
77168,79.63,44.02,510.00
77193,79.63,34.31,509.00
77239,79.63,57.83,511.00
77263,79.63,57.83,508.00
77288,79.63,57.83,511.00
77312,79.63,57.83,510.00
77336,79.63,35.51,509.00
77361,79.63,35.51,510.00
77385,0.00,70.41,509.00
77415,0.00,70.41,509.00
77438,0.00,41.60,509.00
77462,0.00,41.60,508.00
77487,0.00,61.56,508.00
77510,0.00,61.56,510.00
77535,0.00,61.56,508.00
77558,0.00,61.56,508.00
77582,0.00,37.02,510.00
77606,0.00,37.02,510.00
77630,0.00,62.83,509.00
77655,0.00,62.83,509.00
77678,0.00,62.83,510.00
77702,0.00,38.52,510.00
77726,0.00,38.52,509.00
77750,0.00,66.82,510.00
77774,0.00,66.82,510.00
77816,0.00,42.76,509.00
77844,0.00,42.76,511.00
77869,0.00,71.00,509.00
77892,0.00,71.00,510.00
77916,0.00,71.00,511.00
77943,0.00,35.15,508.00
77967,0.00,35.15,510.00
77991,2.48,35.15,509.00
78015,99.02,35.15,510.00
78040,99.02,35.15,508.00
78064,48.73,35.15,509.00
78088,48.73,35.15,512.00
78112,103.89,35.15,509.00
78136,103.89,35.15,509.00
78160,103.89,35.15,510.00
78184,39.05,35.15,509.00
78209,39.05,35.15,511.00
78232,57.22,35.15,509.00
78257,57.22,35.15,510.00
78280,57.22,35.15,509.00
78305,57.22,35.15,509.00
78328,28.89,35.15,511.00
78353,28.89,35.15,510.00
78376,68.20,35.15,508.00
78444,68.20,6.51,511.00
78468,36.67,49.92,509.00
78492,116.33,49.92,511.00
78517,116.33,74.21,507.00
78540,61.34,74.21,510.00
78565,139.43,57.66,510.00
78589,139.43,108.38,511.00
78613,154.00,108.38,509.00
78638,154.00,67.59,509.00
78662,75.26,118.04,510.00
78686,165.31,118.04,510.00
78710,79.04,71.95,510.00
78735,183.15,126.97,508.00
78758,83.64,76.79,511.00
78783,177.43,130.59,510.00
78808,177.43,130.59,511.00
78831,189.44,76.95,508.00
78856,189.44,137.94,509.00
78880,185.46,75.17,509.00
78907,185.46,75.17,511.00
78931,167.67,86.74,510.00
78956,167.67,86.74,509.00
78980,66.89,45.88,510.00
79022,139.15,45.88,510.00
79045,139.15,61.87,509.00
79070,57.65,61.87,510.00
79093,119.60,61.87,510.00
79118,119.60,61.87,512.00
79141,49.34,61.87,510.00
79166,49.34,23.55,510.00
79190,98.61,23.55,511.00
79214,98.61,66.05,510.00
79238,48.57,66.05,510.00
79262,132.72,64.97,510.00
79287,132.72,109.51,511.00
79310,67.34,109.51,510.00
79335,153.97,62.44,510.00
79360,74.09,104.72,510.00
79383,159.68,104.72,511.00
79405,159.68,65.47,510.00
79429,71.10,114.36,510.00
79454,129.44,114.36,509.00
79477,129.44,61.51,510.00
79502,129.44,91.68,510.00
79526,41.85,91.68,512.00
79550,41.85,91.68,510.00
79575,54.31,50.42,510.00
79618,54.31,78.22,510.00
79645,54.31,78.22,510.00
79670,54.31,78.22,510.00
79694,54.31,34.68,510.00
79718,54.31,34.68,510.00
79742,54.31,34.68,509.00
79767,54.31,46.15,510.00
79791,54.31,46.15,510.00
79815,54.31,46.15,510.00
79840,54.31,46.15,507.00
79864,10.30,46.15,509.00
79894,123.97,46.15,509.00
79919,123.97,46.15,510.00
79943,123.97,46.15,509.00
79967,41.32,46.15,510.00
79991,41.32,46.15,510.00
80015,53.16,46.15,508.00
80039,53.16,46.15,509.00
80063,53.16,46.15,510.00
80088,53.16,46.15,510.00
80111,53.16,46.15,510.00
80136,24.52,46.15,509.00
80159,24.52,46.15,509.00
80184,24.52,46.15,510.00
80229,45.03,46.15,509.00
80253,45.03,46.15,509.00
80277,45.03,46.15,508.00
80302,45.03,0.00,510.00
80326,45.03,0.00,508.00
80350,45.03,0.00,510.00
80374,45.03,0.00,508.00
80401,16.89,0.00,511.00
80425,69.19,0.00,510.00
80450,69.19,0.00,510.00
80474,69.19,0.00,509.00
80498,69.19,0.00,509.00
80522,33.20,0.00,511.00
80546,33.20,0.00,508.00
80571,33.20,0.00,509.00
80594,35.62,0.00,509.00
80619,35.62,0.00,510.00
80644,35.62,0.00,510.00
80667,35.62,0.00,509.00
80692,35.62,0.00,511.00
80715,35.62,0.00,510.00
80740,35.62,0.00,510.00
80764,18.70,0.00,509.00
80788,18.70,0.00,509.00
80834,45.99,0.00,510.00
80859,45.99,0.00,510.00
80882,45.99,0.00,509.00
80910,45.99,0.00,510.00
80934,45.99,0.00,510.00
80958,24.25,0.00,509.00
80983,24.25,0.00,509.00
81006,24.25,0.00,510.00
81031,43.33,0.00,509.00
81055,43.33,0.00,508.00
81079,43.33,0.00,509.00
81103,35.00,0.00,510.00
81128,35.00,0.00,510.00
81152,87.47,0.00,509.00
81176,87.47,0.00,509.00
81201,45.01,0.00,509.00
81224,45.01,0.00,510.00
81249,106.82,0.00,510.00
81273,106.82,0.00,510.00
81297,54.14,0.00,511.00
81321,129.04,0.00,511.00
81346,129.04,0.00,509.00
81370,60.90,0.00,508.00
81419,143.76,0.00,509.00
81446,157.20,0.00,509.00
81471,157.20,0.00,510.00
81496,72.83,0.00,510.00
81519,173.01,0.00,512.00
81544,76.04,0.00,511.00
81568,169.91,0.00,510.00
81592,169.91,0.00,509.00
81616,159.91,0.00,507.00
81641,159.91,0.00,509.00
81665,61.39,0.00,508.00